prev_filename,filename,label_type,image_width,image_height,xmin,xmax,ymin,ymax
frame1.jpg,0.jpg,Eagle_adult,1232,720,460,913,219,554
frame10.jpg,1.jpg,Eagle_adult,1232,720,468,924,230,556
frame100.jpg,2.jpg,Eagle_adult,1232,720,503,1012,253,591
frame100.jpg,2.jpg,Eagle_chick,1232,720,471,526,448,496
frame100.jpg,2.jpg,Eagle_chick,1232,720,510,562,433,454
frame101.jpg,3.jpg,Eagle_adult,1232,720,513,1013,285,588
frame101.jpg,3.jpg,Duck,1232,720,886,962,578,638
frame101.jpg,3.jpg,Eagle_chick,1232,720,478,553,440,472
frame101.jpg,3.jpg,Eagle_chick,1232,720,526,586,427,450
frame102.jpg,4.jpg,Eagle_adult,1232,720,499,1012,300,590
frame102.jpg,4.jpg,Duck,1232,720,891,955,546,635
frame102.jpg,4.jpg,Eagle_chick,1232,720,473,532,450,483
frame102.jpg,4.jpg,Eagle_chick,1232,720,521,581,432,456
frame103.jpg,5.jpg,Eagle_adult,1232,720,494,1015,264,595
frame103.jpg,5.jpg,Duck,1232,720,879,962,550,632
frame103.jpg,5.jpg,Eagle_chick,1232,720,481,544,446,480
frame103.jpg,5.jpg,Eagle_chick,1232,720,526,578,429,451
frame104.jpg,6.jpg,Eagle_adult,1232,720,495,1002,298,595
frame104.jpg,6.jpg,Eagle_chick,1232,720,473,547,450,485
frame104.jpg,6.jpg,Eagle_chick,1232,720,515,602,430,467
frame104.jpg,6.jpg,Duck,1232,720,871,966,564,633
frame105.jpg,7.jpg,Eagle_adult,1232,720,539,1007,282,590
frame105.jpg,7.jpg,Duck,1232,720,884,960,554,630
frame105.jpg,7.jpg,Eagle_chick,1232,720,476,552,453,483
frame105.jpg,7.jpg,Eagle_chick,1232,720,512,578,433,461
frame106.jpg,8.jpg,Eagle_adult,1232,720,473,1045,309,600
frame106.jpg,8.jpg,Duck,1232,720,881,960,546,627
frame106.jpg,8.jpg,Eagle_chick,1232,720,479,544,443,485
frame106.jpg,8.jpg,Eagle_chick,1232,720,523,586,429,454
frame107.jpg,9.jpg,Eagle_adult,1232,720,492,1015,293,591
frame107.jpg,9.jpg,Duck,1232,720,868,970,551,643
frame107.jpg,9.jpg,Eagle_chick,1232,720,476,552,446,487
frame107.jpg,9.jpg,Eagle_chick,1232,720,516,591,435,466
frame108.jpg,10.jpg,Eagle_adult,1232,720,531,1065,285,609
frame108.jpg,10.jpg,Duck,1232,720,876,960,548,627
frame108.jpg,10.jpg,Eagle_chick,1232,720,474,565,456,501
frame108.jpg,10.jpg,Eagle_chick,1232,720,518,592,432,469
frame109.jpg,11.jpg,Eagle_adult,1232,720,539,1012,279,588
frame109.jpg,11.jpg,Duck,1232,720,873,965,545,632
frame109.jpg,11.jpg,Eagle_chick,1232,720,478,542,456,495
frame109.jpg,11.jpg,Eagle_chick,1232,720,524,582,432,458
frame11.jpg,12.jpg,Eagle_adult,1232,720,473,907,221,546
frame110.jpg,13.jpg,Eagle_adult,1232,720,518,1050,272,583
frame110.jpg,13.jpg,Duck,1232,720,868,966,550,627
frame110.jpg,13.jpg,Eagle_chick,1232,720,481,532,453,488
frame110.jpg,13.jpg,Eagle_chick,1232,720,513,578,432,459
frame111.jpg,14.jpg,Eagle_adult,1232,720,489,1016,288,590
frame111.jpg,14.jpg,Duck,1232,720,865,966,541,633
frame112.jpg,15.jpg,Eagle_adult,1232,720,478,1013,272,582
frame112.jpg,15.jpg,Duck,1232,720,866,965,545,632
frame112.jpg,15.jpg,Eagle_chick,1232,720,476,512,458,498
frame113.jpg,16.jpg,Eagle_adult,1232,720,468,1015,280,582
frame113.jpg,16.jpg,Duck,1232,720,862,962,550,635
frame114.jpg,17.jpg,Eagle_adult,1232,720,474,1044,275,588
frame114.jpg,17.jpg,Duck,1232,720,865,973,541,630
frame115.jpg,18.jpg,Eagle_adult,1232,720,474,1020,243,591
frame115.jpg,18.jpg,Duck,1232,720,870,968,540,632
frame116.jpg,19.jpg,Eagle_adult,1232,720,468,1015,258,591
frame116.jpg,19.jpg,Duck,1232,720,868,986,553,641
frame117.jpg,20.jpg,Eagle_adult,1232,720,476,1024,254,601
frame117.jpg,20.jpg,Duck,1232,720,878,968,548,638
frame118.jpg,21.jpg,Eagle_adult,1232,720,486,1042,264,596
frame118.jpg,21.jpg,Duck,1232,720,873,960,548,624
frame119.jpg,22.jpg,Eagle_adult,1232,720,452,1047,275,588
frame119.jpg,22.jpg,Duck,1232,720,894,968,546,637
frame12.jpg,23.jpg,Eagle_adult,1232,720,478,921,221,546
frame120.jpg,24.jpg,Eagle_adult,1232,720,436,1071,250,616
frame120.jpg,24.jpg,Duck,1232,720,871,976,556,638
frame121.jpg,25.jpg,Eagle_adult,1232,720,408,1053,280,591
frame121.jpg,25.jpg,Duck,1232,720,879,978,543,641
frame122.jpg,26.jpg,Eagle_adult,1232,720,407,1055,277,579
frame122.jpg,26.jpg,Duck,1232,720,862,974,540,630
frame123.jpg,27.jpg,Eagle_adult,1232,720,405,1023,271,611
frame123.jpg,27.jpg,Duck,1232,720,865,982,541,621
frame124.jpg,28.jpg,Eagle_adult,1232,720,395,986,279,609
frame124.jpg,28.jpg,Duck,1232,720,879,976,546,614
frame125.jpg,29.jpg,Eagle_adult,1232,720,387,976,285,612
frame125.jpg,29.jpg,Duck,1232,720,879,994,537,617
frame126.jpg,30.jpg,Eagle_adult,1232,720,399,989,279,585
frame126.jpg,30.jpg,Duck,1232,720,884,986,551,621
frame127.jpg,31.jpg,Eagle_adult,1232,720,410,997,266,590
frame127.jpg,31.jpg,Duck,1232,720,891,989,541,619
frame128.jpg,32.jpg,Eagle_adult,1232,720,416,1020,217,574
frame128.jpg,32.jpg,Duck,1232,720,894,984,553,608
frame129.jpg,33.jpg,Eagle_adult,1232,720,420,1002,277,579
frame129.jpg,33.jpg,Duck,1232,720,881,971,556,609
frame13.jpg,34.jpg,Eagle_adult,1232,720,482,915,216,545
frame130.jpg,35.jpg,Eagle_adult,1232,720,431,1013,277,574
frame130.jpg,35.jpg,Duck,1232,720,879,966,538,630
frame130.jpg,35.jpg,Eagle_chick,1232,720,474,532,453,479
frame130.jpg,35.jpg,Eagle_chick,1232,720,513,558,432,450
frame131.jpg,36.jpg,Eagle_adult,1232,720,434,995,269,580
frame131.jpg,36.jpg,Duck,1232,720,879,974,533,638
frame132.jpg,37.jpg,Eagle_adult,1232,720,431,994,262,588
frame132.jpg,37.jpg,Duck,1232,720,862,973,530,651
frame133.jpg,38.jpg,Eagle_adult,1232,720,431,986,225,561
frame133.jpg,38.jpg,Duck,1232,720,863,978,524,629
frame134.jpg,39.jpg,Eagle_adult,1232,720,495,986,232,545
frame134.jpg,39.jpg,Duck,1232,720,865,978,519,630
frame134.jpg,39.jpg,Eagle_chick,1232,720,474,663,443,538
frame135.jpg,40.jpg,Eagle_adult,1232,720,544,965,235,543
frame135.jpg,40.jpg,Duck,1232,720,852,982,530,622
frame135.jpg,40.jpg,Eagle_chick,1232,720,484,670,448,529
frame136.jpg,41.jpg,Eagle_adult,1232,720,524,918,248,532
frame136.jpg,41.jpg,Duck,1232,720,853,979,530,629
frame136.jpg,41.jpg,Eagle_chick,1232,720,473,666,429,512
frame137.jpg,42.jpg,Eagle_adult,1232,720,595,952,232,532
frame137.jpg,42.jpg,Duck,1232,720,850,984,524,625
frame137.jpg,42.jpg,Eagle_chick,1232,720,474,658,429,519
frame138.jpg,43.jpg,Eagle_adult,1232,720,720,981,232,527
frame138.jpg,43.jpg,Duck,1232,720,852,989,524,621
frame138.jpg,43.jpg,Eagle_chick,1232,720,481,650,427,524
frame139.jpg,44.jpg,Eagle_adult,1232,720,705,936,187,511
frame139.jpg,44.jpg,Duck,1232,720,849,973,529,619
frame139.jpg,44.jpg,Eagle_chick,1232,720,471,653,430,533
frame14.jpg,45.jpg,Eagle_adult,1232,720,479,924,224,551
frame140.jpg,46.jpg,Eagle_adult,1232,720,747,1049,206,535
frame140.jpg,46.jpg,Duck,1232,720,855,982,524,635
frame140.jpg,46.jpg,Eagle_chick,1232,720,471,663,435,527
frame141.jpg,47.jpg,Eagle_adult,1232,720,832,1082,201,535
frame141.jpg,47.jpg,Duck,1232,720,853,982,535,629
frame141.jpg,47.jpg,Eagle_chick,1232,720,468,662,430,522
frame142.jpg,48.jpg,Eagle_adult,1232,720,803,1126,214,580
frame142.jpg,48.jpg,Duck,1232,720,842,989,540,629
frame142.jpg,48.jpg,Eagle_chick,1232,720,470,670,437,530
frame143.jpg,49.jpg,Eagle_adult,1232,720,784,1195,221,575
frame143.jpg,49.jpg,Duck,1232,720,857,1000,535,630
frame143.jpg,49.jpg,Eagle_chick,1232,720,470,673,430,524
frame144.jpg,50.jpg,Eagle_adult,1232,720,765,1202,224,559
frame144.jpg,50.jpg,Duck,1232,720,860,994,532,638
frame144.jpg,50.jpg,Eagle_chick,1232,720,473,662,425,529
frame145.jpg,51.jpg,Eagle_adult,1232,720,732,1218,224,571
frame145.jpg,51.jpg,Duck,1232,720,862,1013,537,638
frame145.jpg,51.jpg,Eagle_chick,1232,720,482,668,406,524
frame146.jpg,52.jpg,Eagle_adult,1232,720,795,1223,222,590
frame146.jpg,52.jpg,Duck,1232,720,862,1000,533,635
frame146.jpg,52.jpg,Eagle_chick,1232,720,476,684,417,532
frame147.jpg,53.jpg,Eagle_adult,1232,720,753,1224,225,577
frame147.jpg,53.jpg,Duck,1232,720,879,1016,530,645
frame147.jpg,53.jpg,Eagle_chick,1232,720,516,703,403,537
frame148.jpg,54.jpg,Eagle_adult,1232,720,749,1223,227,588
frame148.jpg,54.jpg,Duck,1232,720,878,1008,529,630
frame148.jpg,54.jpg,Eagle_chick,1232,720,512,686,417,533
frame149.jpg,55.jpg,Eagle_adult,1232,720,755,1221,229,588
frame149.jpg,55.jpg,Duck,1232,720,858,991,525,638
frame149.jpg,55.jpg,Eagle_chick,1232,720,505,671,411,545
frame15.jpg,56.jpg,Eagle_adult,1232,720,482,918,221,551
frame150.jpg,57.jpg,Eagle_adult,1232,720,782,1224,217,567
frame150.jpg,57.jpg,Duck,1232,720,873,1010,525,648
frame150.jpg,57.jpg,Eagle_chick,1232,720,512,660,419,543
frame151.jpg,58.jpg,Eagle_adult,1232,720,770,1228,267,621
frame151.jpg,58.jpg,Duck,1232,720,891,1042,561,651
frame151.jpg,58.jpg,Eagle_chick,1232,720,520,674,422,540
frame152.jpg,59.jpg,Eagle_adult,1232,720,782,1224,254,606
frame152.jpg,59.jpg,Duck,1232,720,894,1012,571,635
frame152.jpg,59.jpg,Eagle_chick,1232,720,510,684,408,543
frame153.jpg,60.jpg,Eagle_adult,1232,720,763,1228,241,612
frame153.jpg,60.jpg,Duck,1232,720,894,1013,561,645
frame153.jpg,60.jpg,Eagle_chick,1232,720,515,684,409,538
frame154.jpg,61.jpg,Eagle_adult,1232,720,792,1229,275,604
frame154.jpg,61.jpg,Duck,1232,720,900,1024,575,650
frame154.jpg,61.jpg,Eagle_chick,1232,720,515,673,411,541
frame155.jpg,62.jpg,Eagle_adult,1232,720,799,1228,264,600
frame155.jpg,62.jpg,Duck,1232,720,892,1024,577,654
frame155.jpg,62.jpg,Eagle_chick,1232,720,510,671,403,540
frame156.jpg,63.jpg,Eagle_adult,1232,720,797,1228,262,590
frame156.jpg,63.jpg,Duck,1232,720,907,1021,583,654
frame156.jpg,63.jpg,Eagle_chick,1232,720,512,687,408,543
frame157.jpg,64.jpg,Eagle_adult,1232,720,760,1220,274,579
frame157.jpg,64.jpg,Duck,1232,720,908,1028,588,646
frame157.jpg,64.jpg,Eagle_chick,1232,720,502,679,412,550
frame158.jpg,65.jpg,Eagle_adult,1232,720,774,1223,277,595
frame158.jpg,65.jpg,Duck,1232,720,913,1016,593,650
frame158.jpg,65.jpg,Eagle_chick,1232,720,510,681,404,533
frame159.jpg,66.jpg,Eagle_adult,1232,720,770,1229,274,595
frame159.jpg,66.jpg,Duck,1232,720,897,1023,575,651
frame159.jpg,66.jpg,Eagle_chick,1232,720,499,674,408,550
frame16.jpg,67.jpg,Eagle_adult,1232,720,473,921,233,554
frame16.jpg,67.jpg,Eagle_adult,1232,720,757,800,122,141
frame160.jpg,68.jpg,Eagle_adult,1232,720,776,1221,248,606
frame160.jpg,68.jpg,Duck,1232,720,886,1016,566,648
frame160.jpg,68.jpg,Eagle_chick,1232,720,505,674,412,546
frame161.jpg,69.jpg,Eagle_adult,1232,720,757,1229,274,596
frame161.jpg,69.jpg,Duck,1232,720,894,1026,562,646
frame161.jpg,69.jpg,Eagle_chick,1232,720,508,678,414,535
frame162.jpg,70.jpg,Duck,1232,720,902,1026,579,646
frame162.jpg,70.jpg,Eagle_chick,1232,720,507,679,409,540
frame163.jpg,71.jpg,Eagle_adult,1232,720,768,1229,283,598
frame163.jpg,71.jpg,Duck,1232,720,905,1021,580,661
frame163.jpg,71.jpg,Eagle_chick,1232,720,512,684,414,538
frame164.jpg,72.jpg,Eagle_adult,1232,720,787,1229,259,600
frame164.jpg,72.jpg,Duck,1232,720,916,1041,588,658
frame164.jpg,72.jpg,Eagle_chick,1232,720,510,684,412,538
frame165.jpg,73.jpg,Eagle_adult,1232,720,800,1223,266,588
frame165.jpg,73.jpg,Duck,1232,720,910,1024,608,656
frame165.jpg,73.jpg,Eagle_chick,1232,720,505,691,422,533
frame166.jpg,74.jpg,Eagle_adult,1232,720,812,1223,262,595
frame166.jpg,74.jpg,Duck,1232,720,855,1018,553,650
frame166.jpg,74.jpg,Eagle_chick,1232,720,516,692,417,535
frame167.jpg,75.jpg,Eagle_adult,1232,720,808,1226,254,596
frame167.jpg,75.jpg,Duck,1232,720,878,1036,551,659
frame167.jpg,75.jpg,Eagle_chick,1232,720,516,694,411,521
frame168.jpg,76.jpg,Eagle_adult,1232,720,812,1223,256,582
frame168.jpg,76.jpg,Duck,1232,720,865,1023,538,638
frame168.jpg,76.jpg,Eagle_chick,1232,720,515,697,412,540
frame169.jpg,77.jpg,Eagle_adult,1232,720,808,1221,272,580
frame169.jpg,77.jpg,Duck,1232,720,884,1034,529,666
frame169.jpg,77.jpg,Eagle_chick,1232,720,515,692,412,530
frame17.jpg,78.jpg,Eagle_adult,1232,720,474,921,246,551
frame17.jpg,78.jpg,Eagle_adult,1232,720,778,812,174,193
frame170.jpg,79.jpg,Eagle_adult,1232,720,810,1223,287,577
frame170.jpg,79.jpg,Duck,1232,720,882,1010,564,653
frame170.jpg,79.jpg,Eagle_chick,1232,720,512,705,412,517
frame171.jpg,80.jpg,Eagle_adult,1232,720,784,1223,280,587
frame171.jpg,80.jpg,Duck,1232,720,841,1010,561,641
frame171.jpg,80.jpg,Eagle_chick,1232,720,521,708,414,529
frame172.jpg,81.jpg,Eagle_adult,1232,720,773,1223,280,590
frame172.jpg,81.jpg,Duck,1232,720,813,1008,562,645
frame172.jpg,81.jpg,Eagle_chick,1232,720,557,755,404,543
frame173.jpg,82.jpg,Eagle_adult,1232,720,813,1216,293,595
frame173.jpg,82.jpg,Duck,1232,720,828,1057,559,635
frame173.jpg,82.jpg,Eagle_chick,1232,720,539,731,412,535
frame174.jpg,83.jpg,Eagle_adult,1232,720,807,1224,279,583
frame174.jpg,83.jpg,Duck,1232,720,800,1024,554,651
frame174.jpg,83.jpg,Eagle_chick,1232,720,541,723,409,532
frame175.jpg,84.jpg,Eagle_adult,1232,720,770,1226,269,590
frame175.jpg,84.jpg,Duck,1232,720,858,1018,569,640
frame175.jpg,84.jpg,Eagle_chick,1232,720,545,724,421,537
frame176.jpg,85.jpg,Eagle_adult,1232,720,766,1228,275,579
frame176.jpg,85.jpg,Duck,1232,720,841,1026,569,666
frame176.jpg,85.jpg,Eagle_chick,1232,720,553,710,422,533
frame177.jpg,86.jpg,Eagle_adult,1232,720,753,1226,264,582
frame177.jpg,86.jpg,Duck,1232,720,844,1050,567,646
frame177.jpg,86.jpg,Eagle_chick,1232,720,549,707,412,530
frame178.jpg,87.jpg,Eagle_adult,1232,720,762,1223,256,601
frame178.jpg,87.jpg,Duck,1232,720,837,1032,562,651
frame178.jpg,87.jpg,Eagle_chick,1232,720,550,712,411,540
frame179.jpg,88.jpg,Eagle_adult,1232,720,758,1223,279,567
frame179.jpg,88.jpg,Duck,1232,720,879,1065,580,662
frame179.jpg,88.jpg,Eagle_chick,1232,720,553,702,408,537
frame18.jpg,89.jpg,Eagle_adult,1232,720,471,937,241,559
frame18.jpg,89.jpg,Eagle_adult,1232,720,766,807,230,254
frame180.jpg,90.jpg,Eagle_adult,1232,720,766,1229,288,587
frame180.jpg,90.jpg,Duck,1232,720,882,1013,569,661
frame180.jpg,90.jpg,Eagle_chick,1232,720,544,695,406,540
frame181.jpg,91.jpg,Eagle_adult,1232,720,762,1224,266,585
frame181.jpg,91.jpg,Duck,1232,720,870,1000,558,646
frame181.jpg,91.jpg,Eagle_chick,1232,720,544,695,414,543
frame182.jpg,92.jpg,Eagle_adult,1232,720,766,1223,262,583
frame182.jpg,92.jpg,Duck,1232,720,866,1018,558,654
frame182.jpg,92.jpg,Eagle_chick,1232,720,544,716,401,540
frame183.jpg,93.jpg,Eagle_adult,1232,720,766,1215,251,583
frame183.jpg,93.jpg,Duck,1232,720,876,1007,567,654
frame183.jpg,93.jpg,Eagle_chick,1232,720,541,720,401,540
frame184.jpg,94.jpg,Eagle_adult,1232,720,747,1213,262,593
frame184.jpg,94.jpg,Duck,1232,720,889,1010,571,641
frame184.jpg,94.jpg,Eagle_chick,1232,720,542,729,396,530
frame185.jpg,95.jpg,Eagle_adult,1232,720,737,1220,288,593
frame185.jpg,95.jpg,Duck,1232,720,892,1003,564,648
frame185.jpg,95.jpg,Eagle_chick,1232,720,553,721,400,540
frame186.jpg,96.jpg,Eagle_adult,1232,720,768,1215,298,588
frame186.jpg,96.jpg,Duck,1232,720,905,1007,575,651
frame186.jpg,96.jpg,Eagle_chick,1232,720,557,731,403,533
frame187.jpg,97.jpg,Eagle_adult,1232,720,800,1229,282,588
frame187.jpg,97.jpg,Duck,1232,720,903,997,577,656
frame187.jpg,97.jpg,Eagle_chick,1232,720,547,732,406,540
frame188.jpg,98.jpg,Eagle_adult,1232,720,816,1223,266,591
frame188.jpg,98.jpg,Duck,1232,720,920,1010,593,653
frame188.jpg,98.jpg,Eagle_chick,1232,720,550,726,396,537
frame189.jpg,99.jpg,Eagle_adult,1232,720,815,1228,267,598
frame189.jpg,99.jpg,Duck,1232,720,900,992,587,651
frame189.jpg,99.jpg,Eagle_chick,1232,720,549,705,374,533
frame19.jpg,100.jpg,Eagle_adult,1232,720,453,924,261,554
frame190.jpg,101.jpg,Eagle_adult,1232,720,789,1221,277,595
frame190.jpg,101.jpg,Duck,1232,720,849,994,562,654
frame190.jpg,101.jpg,Eagle_chick,1232,720,545,695,367,533
frame191.jpg,102.jpg,Eagle_adult,1232,720,770,1216,256,583
frame191.jpg,102.jpg,Duck,1232,720,863,991,579,658
frame191.jpg,102.jpg,Eagle_chick,1232,720,539,702,364,530
frame192.jpg,103.jpg,Eagle_adult,1232,720,803,1218,248,587
frame192.jpg,103.jpg,Duck,1232,720,874,995,577,653
frame192.jpg,103.jpg,Eagle_chick,1232,720,537,703,351,530
frame193.jpg,104.jpg,Eagle_adult,1232,720,792,1224,259,600
frame193.jpg,104.jpg,Duck,1232,720,860,1018,558,656
frame193.jpg,104.jpg,Eagle_chick,1232,720,536,686,350,532
frame194.jpg,105.jpg,Eagle_adult,1232,720,792,1224,274,587
frame194.jpg,105.jpg,Duck,1232,720,855,1021,558,653
frame194.jpg,105.jpg,Eagle_chick,1232,720,544,689,356,538
frame195.jpg,106.jpg,Eagle_adult,1232,720,768,1218,266,590
frame195.jpg,106.jpg,Duck,1232,720,873,999,580,641
frame195.jpg,106.jpg,Eagle_chick,1232,720,536,695,359,527
frame196.jpg,107.jpg,Eagle_adult,1232,720,779,1205,248,585
frame196.jpg,107.jpg,Duck,1232,720,879,1024,580,650
frame196.jpg,107.jpg,Eagle_chick,1232,720,531,684,364,532
frame197.jpg,108.jpg,Eagle_adult,1232,720,758,1221,246,591
frame197.jpg,108.jpg,Duck,1232,720,852,1016,566,654
frame197.jpg,108.jpg,Eagle_chick,1232,720,536,729,359,527
frame198.jpg,109.jpg,Eagle_adult,1232,720,765,1229,243,585
frame198.jpg,109.jpg,Duck,1232,720,873,1020,561,650
frame198.jpg,109.jpg,Eagle_chick,1232,720,537,710,361,530
frame199.jpg,110.jpg,Eagle_adult,1232,720,807,1215,250,585
frame199.jpg,110.jpg,Duck,1232,720,913,1024,590,646
frame199.jpg,110.jpg,Eagle_chick,1232,720,542,713,361,517
frame2.jpg,111.jpg,Eagle_adult,1232,720,481,923,209,546
frame20.jpg,112.jpg,Eagle_adult,1232,720,458,936,258,559
frame20.jpg,112.jpg,Eagle_adult,1232,720,613,699,240,283
frame200.jpg,113.jpg,Eagle_adult,1232,720,749,1215,196,608
frame200.jpg,113.jpg,Duck,1232,720,897,1036,587,656
frame200.jpg,113.jpg,Eagle_chick,1232,720,542,708,369,532
frame201.jpg,114.jpg,Eagle_adult,1232,720,745,1218,204,590
frame201.jpg,114.jpg,Duck,1232,720,902,1052,601,656
frame201.jpg,114.jpg,Eagle_chick,1232,720,542,713,366,524
frame202.jpg,115.jpg,Eagle_adult,1232,720,742,1220,191,593
frame202.jpg,115.jpg,Duck,1232,720,863,1045,566,651
frame202.jpg,115.jpg,Eagle_chick,1232,720,545,712,374,533
frame203.jpg,116.jpg,Eagle_adult,1232,720,810,1216,188,595
frame203.jpg,116.jpg,Duck,1232,720,857,1037,553,641
frame203.jpg,116.jpg,Eagle_chick,1232,720,539,713,377,546
frame204.jpg,117.jpg,Eagle_adult,1232,720,810,1210,159,590
frame204.jpg,117.jpg,Duck,1232,720,865,1018,562,651
frame204.jpg,117.jpg,Eagle_chick,1232,720,547,705,379,527
frame205.jpg,118.jpg,Eagle_adult,1232,720,805,1226,204,611
frame205.jpg,118.jpg,Duck,1232,720,874,1029,562,650
frame205.jpg,118.jpg,Eagle_chick,1232,720,534,728,387,519
frame206.jpg,119.jpg,Eagle_adult,1232,720,799,1210,183,608
frame206.jpg,119.jpg,Duck,1232,720,886,1005,571,654
frame206.jpg,119.jpg,Eagle_chick,1232,720,544,707,382,530
frame207.jpg,120.jpg,Eagle_adult,1232,720,792,1223,241,612
frame207.jpg,120.jpg,Duck,1232,720,876,1032,574,659
frame207.jpg,120.jpg,Eagle_chick,1232,720,536,702,382,537
frame208.jpg,121.jpg,Eagle_adult,1232,720,824,1221,250,608
frame208.jpg,121.jpg,Duck,1232,720,879,1020,577,658
frame208.jpg,121.jpg,Eagle_chick,1232,720,539,702,383,533
frame209.jpg,122.jpg,Eagle_adult,1232,720,771,1215,248,571
frame209.jpg,122.jpg,Duck,1232,720,895,1028,580,661
frame209.jpg,122.jpg,Eagle_chick,1232,720,545,703,380,541
frame21.jpg,123.jpg,Eagle_adult,1232,720,453,912,232,556
frame21.jpg,123.jpg,Eagle_adult,1232,720,399,645,116,248
frame210.jpg,124.jpg,Eagle_adult,1232,720,797,1220,258,596
frame210.jpg,124.jpg,Duck,1232,720,871,997,564,650
frame210.jpg,124.jpg,Eagle_chick,1232,720,537,712,390,530
frame211.jpg,125.jpg,Eagle_adult,1232,720,789,1224,209,612
frame211.jpg,125.jpg,Duck,1232,720,884,1018,567,650
frame211.jpg,125.jpg,Eagle_chick,1232,720,537,712,385,522
frame212.jpg,126.jpg,Eagle_adult,1232,720,803,1218,198,627
frame212.jpg,126.jpg,Duck,1232,720,899,1016,582,654
frame212.jpg,126.jpg,Eagle_chick,1232,720,529,713,387,530
frame213.jpg,127.jpg,Eagle_adult,1232,720,803,1221,204,614
frame213.jpg,127.jpg,Duck,1232,720,884,1026,567,651
frame213.jpg,127.jpg,Eagle_chick,1232,720,539,707,383,535
frame214.jpg,128.jpg,Eagle_adult,1232,720,782,1226,212,630
frame214.jpg,128.jpg,Duck,1232,720,910,1015,582,650
frame214.jpg,128.jpg,Eagle_chick,1232,720,539,702,391,524
frame215.jpg,129.jpg,Eagle_adult,1232,720,763,1216,253,612
frame215.jpg,129.jpg,Duck,1232,720,902,1021,588,656
frame215.jpg,129.jpg,Eagle_chick,1232,720,532,699,398,530
frame216.jpg,130.jpg,Eagle_adult,1232,720,818,1229,277,600
frame216.jpg,130.jpg,Duck,1232,720,913,1021,593,645
frame216.jpg,130.jpg,Eagle_chick,1232,720,539,697,400,532
frame217.jpg,131.jpg,Eagle_adult,1232,720,815,1224,267,596
frame217.jpg,131.jpg,Duck,1232,720,907,1013,590,646
frame217.jpg,131.jpg,Eagle_chick,1232,720,542,716,411,530
frame218.jpg,132.jpg,Eagle_adult,1232,720,828,1226,259,583
frame218.jpg,132.jpg,Duck,1232,720,908,1028,600,659
frame218.jpg,132.jpg,Eagle_chick,1232,720,542,724,412,535
frame219.jpg,133.jpg,Eagle_adult,1232,720,829,1228,259,590
frame219.jpg,133.jpg,Duck,1232,720,908,1034,593,653
frame219.jpg,133.jpg,Eagle_chick,1232,720,542,731,411,538
frame22.jpg,134.jpg,Eagle_adult,1232,720,445,916,269,556
frame220.jpg,135.jpg,Eagle_adult,1232,720,792,1224,246,579
frame220.jpg,135.jpg,Duck,1232,720,876,1002,548,654
frame220.jpg,135.jpg,Eagle_chick,1232,720,534,716,400,521
frame221.jpg,136.jpg,Eagle_adult,1232,720,808,1220,254,612
frame221.jpg,136.jpg,Duck,1232,720,889,1015,564,658
frame221.jpg,136.jpg,Eagle_chick,1232,720,541,724,403,527
frame222.jpg,137.jpg,Eagle_adult,1232,720,794,1226,259,587
frame222.jpg,137.jpg,Duck,1232,720,882,1024,561,654
frame222.jpg,137.jpg,Eagle_chick,1232,720,547,732,406,540
frame223.jpg,138.jpg,Eagle_adult,1232,720,820,1223,262,606
frame223.jpg,138.jpg,Duck,1232,720,910,1021,567,658
frame223.jpg,138.jpg,Eagle_chick,1232,720,544,728,404,533
frame224.jpg,139.jpg,Eagle_adult,1232,720,816,1221,240,601
frame224.jpg,139.jpg,Duck,1232,720,900,1015,571,653
frame224.jpg,139.jpg,Eagle_chick,1232,720,539,731,400,541
frame225.jpg,140.jpg,Eagle_adult,1232,720,808,1223,237,559
frame225.jpg,140.jpg,Duck,1232,720,894,1020,567,659
frame225.jpg,140.jpg,Eagle_chick,1232,720,536,732,398,535
frame226.jpg,141.jpg,Eagle_adult,1232,720,794,1221,258,562
frame226.jpg,141.jpg,Duck,1232,720,891,1020,564,653
frame226.jpg,141.jpg,Eagle_chick,1232,720,534,724,403,530
frame227.jpg,142.jpg,Eagle_adult,1232,720,799,1216,261,580
frame227.jpg,142.jpg,Duck,1232,720,920,1041,587,656
frame227.jpg,142.jpg,Eagle_chick,1232,720,541,734,401,545
frame228.jpg,143.jpg,Eagle_adult,1232,720,803,1223,250,580
frame228.jpg,143.jpg,Duck,1232,720,900,1018,561,650
frame228.jpg,143.jpg,Eagle_chick,1232,720,537,731,406,537
frame229.jpg,144.jpg,Eagle_adult,1232,720,786,1223,253,579
frame229.jpg,144.jpg,Duck,1232,720,892,1023,550,651
frame229.jpg,144.jpg,Eagle_chick,1232,720,542,739,401,546
frame23.jpg,145.jpg,Eagle_adult,1232,720,470,907,261,553
frame230.jpg,146.jpg,Eagle_adult,1232,720,834,1224,258,582
frame230.jpg,146.jpg,Duck,1232,720,891,1044,548,638
frame230.jpg,146.jpg,Eagle_chick,1232,720,544,731,411,527
frame231.jpg,147.jpg,Eagle_adult,1232,720,828,1212,258,587
frame231.jpg,147.jpg,Duck,1232,720,882,1047,564,648
frame231.jpg,147.jpg,Eagle_chick,1232,720,545,734,408,524
frame232.jpg,148.jpg,Eagle_adult,1232,720,845,1207,256,575
frame232.jpg,148.jpg,Duck,1232,720,886,1026,564,643
frame232.jpg,148.jpg,Eagle_chick,1232,720,544,741,416,525
frame233.jpg,149.jpg,Eagle_adult,1232,720,820,1224,251,585
frame233.jpg,149.jpg,Duck,1232,720,878,1028,566,640
frame233.jpg,149.jpg,Eagle_chick,1232,720,539,737,400,529
frame234.jpg,150.jpg,Eagle_adult,1232,720,823,1226,251,600
frame234.jpg,150.jpg,Duck,1232,720,868,1039,558,648
frame234.jpg,150.jpg,Eagle_chick,1232,720,553,737,408,541
frame235.jpg,151.jpg,Eagle_adult,1232,720,813,1224,253,601
frame235.jpg,151.jpg,Duck,1232,720,870,1031,566,645
frame235.jpg,151.jpg,Eagle_chick,1232,720,542,728,408,527
frame236.jpg,152.jpg,Eagle_adult,1232,720,797,1224,267,603
frame236.jpg,152.jpg,Duck,1232,720,873,1016,571,648
frame236.jpg,152.jpg,Eagle_chick,1232,720,541,729,387,524
frame237.jpg,153.jpg,Eagle_adult,1232,720,773,1220,216,595
frame237.jpg,153.jpg,Duck,1232,720,866,1021,567,638
frame237.jpg,153.jpg,Eagle_chick,1232,720,537,720,391,543
frame238.jpg,154.jpg,Eagle_adult,1232,720,765,1226,208,587
frame238.jpg,154.jpg,Duck,1232,720,849,1032,561,646
frame238.jpg,154.jpg,Eagle_chick,1232,720,547,734,391,530
frame239.jpg,155.jpg,Eagle_adult,1232,720,758,1221,208,601
frame239.jpg,155.jpg,Duck,1232,720,844,1032,554,632
frame239.jpg,155.jpg,Eagle_chick,1232,720,542,729,385,533
frame24.jpg,156.jpg,Eagle_adult,1232,720,474,905,209,558
frame240.jpg,157.jpg,Eagle_adult,1232,720,832,1223,241,604
frame240.jpg,157.jpg,Duck,1232,720,868,1010,559,638
frame240.jpg,157.jpg,Eagle_chick,1232,720,539,724,396,524
frame241.jpg,158.jpg,Eagle_adult,1232,720,768,1220,243,591
frame241.jpg,158.jpg,Duck,1232,720,868,1016,566,638
frame241.jpg,158.jpg,Eagle_chick,1232,720,542,716,398,532
frame242.jpg,159.jpg,Eagle_adult,1232,720,824,1218,250,587
frame242.jpg,159.jpg,Duck,1232,720,873,1023,572,643
frame242.jpg,159.jpg,Eagle_chick,1232,720,536,702,393,530
frame243.jpg,160.jpg,Eagle_adult,1232,720,818,1223,250,590
frame243.jpg,160.jpg,Duck,1232,720,849,1052,569,645
frame243.jpg,160.jpg,Eagle_chick,1232,720,537,697,391,546
frame244.jpg,161.jpg,Eagle_adult,1232,720,820,1212,250,593
frame244.jpg,161.jpg,Duck,1232,720,852,1029,553,643
frame244.jpg,161.jpg,Eagle_chick,1232,720,532,710,388,532
frame245.jpg,162.jpg,Eagle_adult,1232,720,841,1215,245,587
frame245.jpg,162.jpg,Duck,1232,720,850,1008,556,632
frame245.jpg,162.jpg,Eagle_chick,1232,720,536,703,380,535
frame246.jpg,163.jpg,Eagle_adult,1232,720,808,1221,245,579
frame246.jpg,163.jpg,Duck,1232,720,826,1047,561,630
frame246.jpg,163.jpg,Eagle_chick,1232,720,542,703,364,535
frame247.jpg,164.jpg,Eagle_adult,1232,720,841,1220,248,600
frame247.jpg,164.jpg,Duck,1232,720,844,1041,567,632
frame247.jpg,164.jpg,Eagle_chick,1232,720,531,723,382,540
frame248.jpg,165.jpg,Eagle_adult,1232,720,849,1213,259,600
frame248.jpg,165.jpg,Duck,1232,720,862,1003,571,646
frame248.jpg,165.jpg,Eagle_chick,1232,720,536,713,383,546
frame249.jpg,166.jpg,Eagle_adult,1232,720,837,1220,253,604
frame249.jpg,166.jpg,Duck,1232,720,842,1002,551,638
frame249.jpg,166.jpg,Eagle_chick,1232,720,536,716,393,537
frame25.jpg,167.jpg,Eagle_adult,1232,720,436,868,191,545
frame25.jpg,167.jpg,Eagle_adult,1232,720,816,1129,45,145
frame25.jpg,167.jpg,Duck,1232,720,845,1045,146,338
frame250.jpg,168.jpg,Eagle_adult,1232,720,839,1218,259,603
frame250.jpg,168.jpg,Duck,1232,720,858,1041,562,654
frame250.jpg,168.jpg,Eagle_chick,1232,720,529,716,393,535
frame251.jpg,169.jpg,Eagle_adult,1232,720,836,1216,258,619
frame251.jpg,169.jpg,Duck,1232,720,862,1047,551,646
frame251.jpg,169.jpg,Eagle_chick,1232,720,531,712,390,546
frame252.jpg,170.jpg,Eagle_adult,1232,720,823,1215,269,630
frame252.jpg,170.jpg,Duck,1232,720,863,1034,562,646
frame252.jpg,170.jpg,Eagle_chick,1232,720,544,713,406,540
frame253.jpg,171.jpg,Eagle_adult,1232,720,841,1224,256,603
frame253.jpg,171.jpg,Duck,1232,720,876,1045,571,637
frame253.jpg,171.jpg,Eagle_chick,1232,720,537,707,435,533
frame254.jpg,172.jpg,Eagle_adult,1232,720,850,1220,251,611
frame254.jpg,172.jpg,Duck,1232,720,862,1034,554,630
frame254.jpg,172.jpg,Eagle_chick,1232,720,534,712,424,535
frame255.jpg,173.jpg,Eagle_adult,1232,720,824,1226,261,617
frame255.jpg,173.jpg,Duck,1232,720,863,1047,556,633
frame255.jpg,173.jpg,Eagle_chick,1232,720,534,720,417,538
frame256.jpg,174.jpg,Eagle_adult,1232,720,839,1213,266,600
frame256.jpg,174.jpg,Duck,1232,720,862,1024,571,632
frame256.jpg,174.jpg,Eagle_chick,1232,720,536,715,421,530
frame257.jpg,175.jpg,Eagle_adult,1232,720,824,1224,245,616
frame257.jpg,175.jpg,Duck,1232,720,874,1052,571,633
frame257.jpg,175.jpg,Eagle_chick,1232,720,539,732,427,535
frame258.jpg,176.jpg,Eagle_adult,1232,720,820,1228,243,617
frame258.jpg,176.jpg,Duck,1232,720,881,1036,574,643
frame258.jpg,176.jpg,Eagle_chick,1232,720,539,734,416,540
frame259.jpg,177.jpg,Eagle_adult,1232,720,831,1224,261,606
frame259.jpg,177.jpg,Duck,1232,720,879,1039,575,629
frame259.jpg,177.jpg,Eagle_chick,1232,720,539,739,409,535
frame26.jpg,178.jpg,Eagle_adult,1232,720,402,868,154,540
frame26.jpg,178.jpg,Eagle_adult,1232,720,884,1216,48,583
frame26.jpg,178.jpg,Duck,1232,720,958,1121,554,650
frame260.jpg,179.jpg,Eagle_adult,1232,720,831,1218,264,603
frame260.jpg,179.jpg,Duck,1232,720,916,1044,575,645
frame260.jpg,179.jpg,Eagle_chick,1232,720,549,726,427,530
frame261.jpg,180.jpg,Eagle_adult,1232,720,799,1215,250,617
frame261.jpg,180.jpg,Duck,1232,720,842,928,522,583
frame261.jpg,180.jpg,Eagle_chick,1232,720,541,728,395,545
frame262.jpg,181.jpg,Eagle_adult,1232,720,799,1218,267,611
frame262.jpg,181.jpg,Duck,1232,720,829,1021,521,651
frame262.jpg,181.jpg,Eagle_chick,1232,720,524,736,400,533
frame263.jpg,182.jpg,Eagle_adult,1232,720,773,1224,259,614
frame263.jpg,182.jpg,Duck,1232,720,852,955,524,612
frame263.jpg,182.jpg,Eagle_chick,1232,720,541,728,417,540
frame264.jpg,183.jpg,Eagle_adult,1232,720,757,1216,258,593
frame264.jpg,183.jpg,Duck,1232,720,849,950,522,598
frame264.jpg,183.jpg,Eagle_chick,1232,720,541,731,404,525
frame265.jpg,184.jpg,Eagle_adult,1232,720,747,1218,264,601
frame265.jpg,184.jpg,Duck,1232,720,850,962,527,624
frame265.jpg,184.jpg,Eagle_chick,1232,720,534,729,393,535
frame266.jpg,185.jpg,Eagle_adult,1232,720,750,1221,269,598
frame266.jpg,185.jpg,Eagle_chick,1232,720,537,729,414,538
frame267.jpg,186.jpg,Eagle_adult,1232,720,752,1215,258,619
frame267.jpg,186.jpg,Eagle_chick,1232,720,537,731,416,530
frame268.jpg,187.jpg,Eagle_adult,1232,720,757,1226,256,604
frame268.jpg,187.jpg,Eagle_chick,1232,720,532,723,411,522
frame269.jpg,188.jpg,Eagle_adult,1232,720,744,1221,261,603
frame269.jpg,188.jpg,Eagle_chick,1232,720,550,723,393,522
frame27.jpg,189.jpg,Eagle_adult,1232,720,397,731,211,614
frame27.jpg,189.jpg,Eagle_adult,1232,720,881,1221,182,595
frame27.jpg,189.jpg,Duck,1232,720,955,1112,562,643
frame270.jpg,190.jpg,Eagle_adult,1232,720,765,1218,267,600
frame270.jpg,190.jpg,Duck,1232,720,865,1002,535,637
frame270.jpg,190.jpg,Eagle_chick,1232,720,532,705,401,530
frame271.jpg,191.jpg,Eagle_adult,1232,720,747,1220,269,591
frame271.jpg,191.jpg,Duck,1232,720,858,1018,551,630
frame271.jpg,191.jpg,Eagle_chick,1232,720,544,713,404,524
frame272.jpg,192.jpg,Eagle_adult,1232,720,765,1212,243,616
frame272.jpg,192.jpg,Duck,1232,720,881,1047,537,659
frame272.jpg,192.jpg,Eagle_chick,1232,720,553,708,412,529
frame273.jpg,193.jpg,Eagle_adult,1232,720,795,1220,262,598
frame273.jpg,193.jpg,Duck,1232,720,868,1076,540,677
frame273.jpg,193.jpg,Eagle_chick,1232,720,542,710,403,527
frame274.jpg,194.jpg,Eagle_adult,1232,720,826,1220,258,596
frame274.jpg,194.jpg,Duck,1232,720,857,1024,538,650
frame274.jpg,194.jpg,Eagle_chick,1232,720,557,707,401,530
frame275.jpg,195.jpg,Eagle_adult,1232,720,786,1226,253,612
frame275.jpg,195.jpg,Duck,1232,720,873,999,562,646
frame275.jpg,195.jpg,Eagle_chick,1232,720,541,731,401,527
frame276.jpg,196.jpg,Eagle_adult,1232,720,792,1223,250,621
frame276.jpg,196.jpg,Duck,1232,720,881,1021,559,641
frame276.jpg,196.jpg,Eagle_chick,1232,720,532,724,398,521
frame277.jpg,197.jpg,Eagle_adult,1232,720,771,1220,250,612
frame277.jpg,197.jpg,Duck,1232,720,863,1005,554,635
frame277.jpg,197.jpg,Eagle_chick,1232,720,545,713,401,521
frame278.jpg,198.jpg,Eagle_chick,1232,720,537,713,393,521
frame279.jpg,199.jpg,Eagle_adult,1232,720,792,1221,235,616
frame279.jpg,199.jpg,Eagle_chick,1232,720,534,723,396,519
frame28.jpg,200.jpg,Eagle_adult,1232,720,379,808,225,641
frame28.jpg,200.jpg,Eagle_adult,1232,720,891,1223,277,595
frame28.jpg,200.jpg,Duck,1232,720,966,1103,548,653
frame280.jpg,201.jpg,Eagle_adult,1232,720,795,1224,258,611
frame280.jpg,201.jpg,Eagle_chick,1232,720,537,712,406,524
frame281.jpg,202.jpg,Eagle_adult,1232,720,841,1216,258,617
frame281.jpg,202.jpg,Eagle_chick,1232,720,532,715,400,522
frame282.jpg,203.jpg,Eagle_adult,1232,720,808,1210,264,604
frame282.jpg,203.jpg,Eagle_chick,1232,720,534,710,412,527
frame283.jpg,204.jpg,Eagle_adult,1232,720,797,1220,267,611
frame283.jpg,204.jpg,Eagle_chick,1232,720,532,718,396,535
frame284.jpg,205.jpg,Eagle_adult,1232,720,816,1221,288,612
frame284.jpg,205.jpg,Eagle_chick,1232,720,534,720,414,532
frame285.jpg,206.jpg,Eagle_adult,1274,720,169,384,264,524
frame285.jpg,206.jpg,Fish,1274,720,202,415,471,574
frame285.jpg,206.jpg,Eagle_chick,1274,720,625,772,408,626
frame286.jpg,207.jpg,Eagle_adult,1274,720,152,1017,6,461
frame286.jpg,207.jpg,Fish,1274,720,812,1014,489,628
frame286.jpg,207.jpg,Eagle_chick,1274,720,29,300,169,703
frame286.jpg,207.jpg,Eagle_chick,1274,720,445,793,326,720
frame287.jpg,208.jpg,Eagle_adult,1274,720,134,1080,3,484
frame287.jpg,208.jpg,Fish,1274,720,829,980,501,643
frame287.jpg,208.jpg,Eagle_chick,1274,720,447,835,319,701
frame287.jpg,208.jpg,Eagle_chick,1274,720,19,345,168,709
frame288.jpg,209.jpg,Eagle_adult,1274,720,137,1067,6,501
frame288.jpg,209.jpg,Fish,1274,720,880,992,546,633
frame288.jpg,209.jpg,Eagle_chick,1274,720,15,285,178,704
frame288.jpg,209.jpg,Eagle_chick,1274,720,455,864,331,694
frame289.jpg,210.jpg,Eagle_adult,1274,720,150,1077,4,421
frame289.jpg,210.jpg,Fish,1274,720,892,982,529,619
frame289.jpg,210.jpg,Eagle_chick,1274,720,425,829,338,669
frame289.jpg,210.jpg,Eagle_chick,1274,720,22,289,171,719
frame29.jpg,211.jpg,Eagle_adult,1232,720,350,773,219,627
frame29.jpg,211.jpg,Eagle_adult,1232,720,900,1210,308,596
frame29.jpg,211.jpg,Duck,1232,720,952,1107,575,650
frame290.jpg,212.jpg,Eagle_adult,1274,720,117,1069,11,456
frame290.jpg,212.jpg,Eagle_chick,1274,720,457,847,309,708
frame290.jpg,212.jpg,Eagle_chick,1274,720,20,299,171,691
frame291.jpg,213.jpg,Eagle_adult,1274,720,89,1075,8,518
frame291.jpg,213.jpg,Fish,1274,720,857,985,516,621
frame291.jpg,213.jpg,Eagle_chick,1274,720,14,294,176,719
frame291.jpg,213.jpg,Eagle_chick,1274,720,345,725,333,519
frame291.jpg,213.jpg,Eagle_chick,1274,720,479,913,388,720
frame292.jpg,214.jpg,Eagle_adult,1274,720,64,1039,9,626
frame292.jpg,214.jpg,Eagle_chick,1274,720,467,952,418,686
frame292.jpg,214.jpg,Eagle_chick,1274,720,414,777,373,541
frame292.jpg,214.jpg,Eagle_chick,1274,720,12,274,144,699
frame293.jpg,215.jpg,Eagle_adult,1274,720,42,1075,1,533
frame293.jpg,215.jpg,Eagle_chick,1274,720,17,300,156,698
frame293.jpg,215.jpg,Eagle_chick,1274,720,402,755,326,563
frame293.jpg,215.jpg,Eagle_chick,1274,720,517,1000,443,679
frame294.jpg,216.jpg,Eagle_adult,1274,720,304,1105,9,341
frame294.jpg,216.jpg,Fish,1274,720,900,970,526,616
frame294.jpg,216.jpg,Eagle_chick,1274,720,450,929,409,704
frame294.jpg,216.jpg,Eagle_chick,1274,720,334,759,359,639
frame294.jpg,216.jpg,Eagle_chick,1274,720,14,339,139,689
frame295.jpg,217.jpg,Eagle_adult,1274,720,310,1052,16,388
frame295.jpg,217.jpg,Fish,1274,720,899,972,551,616
frame295.jpg,217.jpg,Eagle_chick,1274,720,10,315,119,696
frame295.jpg,217.jpg,Eagle_chick,1274,720,337,752,361,569
frame295.jpg,217.jpg,Eagle_chick,1274,720,502,972,434,714
frame296.jpg,218.jpg,Eagle_adult,1274,720,272,1022,8,386
frame296.jpg,218.jpg,Fish,1274,720,905,1002,528,594
frame296.jpg,218.jpg,Eagle_chick,1274,720,437,984,421,696
frame296.jpg,218.jpg,Eagle_chick,1274,720,339,747,394,616
frame296.jpg,218.jpg,Eagle_chick,1274,720,7,294,139,678
frame297.jpg,219.jpg,Eagle_adult,1274,720,310,1027,11,406
frame297.jpg,219.jpg,Fish,1274,720,914,1002,506,591
frame297.jpg,219.jpg,Eagle_chick,1274,720,5,312,146,709
frame297.jpg,219.jpg,Eagle_chick,1274,720,340,764,366,548
frame297.jpg,219.jpg,Eagle_chick,1274,720,499,940,423,706
frame298.jpg,220.jpg,Eagle_adult,1274,720,312,1067,1,354
frame298.jpg,220.jpg,Fish,1274,720,894,974,529,618
frame298.jpg,220.jpg,Eagle_chick,1274,720,475,924,398,701
frame298.jpg,220.jpg,Eagle_chick,1274,720,340,729,366,614
frame298.jpg,220.jpg,Eagle_chick,1274,720,29,295,154,709
frame299.jpg,221.jpg,Eagle_adult,1274,720,260,1077,8,401
frame299.jpg,221.jpg,Eagle_chick,1274,720,14,289,148,678
frame299.jpg,221.jpg,Eagle_chick,1274,720,307,730,339,586
frame299.jpg,221.jpg,Eagle_chick,1274,720,510,965,359,694
frame3.jpg,222.jpg,Eagle_adult,1232,720,482,916,219,551
frame30.jpg,223.jpg,Eagle_adult,1232,720,271,741,200,538
frame30.jpg,223.jpg,Eagle_adult,1232,720,900,1212,296,574
frame30.jpg,223.jpg,Duck,1232,720,952,1118,580,643
frame300.jpg,224.jpg,Eagle_adult,1274,720,205,1045,8,383
frame300.jpg,224.jpg,Fish,1274,720,892,994,524,618
frame300.jpg,224.jpg,Eagle_chick,1274,720,437,875,388,709
frame300.jpg,224.jpg,Eagle_chick,1274,720,269,725,366,614
frame300.jpg,224.jpg,Eagle_chick,1274,720,20,275,136,711
frame301.jpg,225.jpg,Eagle_adult,1274,720,315,1077,6,364
frame301.jpg,225.jpg,Fish,1274,720,885,984,526,619
frame301.jpg,225.jpg,Eagle_chick,1274,720,12,334,139,713
frame301.jpg,225.jpg,Eagle_chick,1274,720,375,697,339,559
frame301.jpg,225.jpg,Eagle_chick,1274,720,418,889,338,720
frame302.jpg,226.jpg,Eagle_adult,1274,720,374,1064,6,413
frame302.jpg,226.jpg,Eagle_chick,1274,720,455,990,418,699
frame302.jpg,226.jpg,Eagle_chick,1274,720,297,727,374,656
frame302.jpg,226.jpg,Eagle_chick,1274,720,17,371,119,720
frame303.jpg,227.jpg,Eagle_adult,1274,720,339,1050,9,426
frame303.jpg,227.jpg,Eagle_chick,1274,720,17,377,141,708
frame303.jpg,227.jpg,Eagle_chick,1274,720,360,742,364,586
frame303.jpg,227.jpg,Eagle_chick,1274,720,405,994,398,714
frame304.jpg,228.jpg,Eagle_adult,1274,720,400,1030,8,376
frame304.jpg,228.jpg,Fish,1274,720,919,1015,526,606
frame304.jpg,228.jpg,Eagle_chick,1274,720,419,967,391,720
frame304.jpg,228.jpg,Eagle_chick,1274,720,402,739,363,569
frame304.jpg,228.jpg,Eagle_chick,1274,720,29,412,159,699
frame305.jpg,229.jpg,Eagle_adult,1274,720,404,1067,6,373
frame305.jpg,229.jpg,Eagle_chick,1274,720,25,394,124,698
frame305.jpg,229.jpg,Eagle_chick,1274,720,464,725,316,518
frame305.jpg,229.jpg,Eagle_chick,1274,720,412,924,396,703
frame306.jpg,230.jpg,Eagle_adult,1274,720,405,1085,9,348
frame306.jpg,230.jpg,Eagle_chick,1274,720,432,969,373,709
frame306.jpg,230.jpg,Eagle_chick,1274,720,344,772,259,526
frame306.jpg,230.jpg,Eagle_chick,1274,720,12,377,103,706
frame307.jpg,231.jpg,Eagle_adult,1274,720,699,1064,33,426
frame307.jpg,231.jpg,Eagle_chick,1274,720,14,364,109,703
frame307.jpg,231.jpg,Eagle_chick,1274,720,387,699,176,408
frame307.jpg,231.jpg,Eagle_chick,1274,720,440,952,419,720
frame308.jpg,232.jpg,Eagle_adult,1274,720,632,1107,23,416
frame308.jpg,232.jpg,Fish,1274,720,852,975,521,638
frame308.jpg,232.jpg,Eagle_chick,1274,720,414,884,379,711
frame308.jpg,232.jpg,Eagle_chick,1274,720,240,659,163,534
frame308.jpg,232.jpg,Eagle_chick,1274,720,17,329,118,679
frame309.jpg,233.jpg,Eagle_adult,1274,720,415,1054,11,249
frame309.jpg,233.jpg,Fish,1274,720,827,975,524,631
frame309.jpg,233.jpg,Eagle_chick,1274,720,20,340,151,693
frame309.jpg,233.jpg,Eagle_chick,1274,720,325,745,268,474
frame309.jpg,233.jpg,Eagle_chick,1274,720,460,852,351,706
frame31.jpg,234.jpg,Eagle_adult,1232,720,268,868,229,582
frame31.jpg,234.jpg,Eagle_adult,1232,720,902,1218,329,595
frame31.jpg,234.jpg,Duck,1232,720,947,1087,574,641
frame310.jpg,235.jpg,Eagle_adult,1274,720,329,1042,8,359
frame310.jpg,235.jpg,Fish,1274,720,839,984,521,623
frame310.jpg,235.jpg,Eagle_chick,1274,720,10,345,124,694
frame310.jpg,235.jpg,Eagle_chick,1274,720,410,869,333,708
frame311.jpg,236.jpg,Eagle_adult,1274,720,342,1057,4,488
frame311.jpg,236.jpg,Fish,1274,720,805,979,528,629
frame311.jpg,236.jpg,Eagle_chick,1274,720,12,344,143,691
frame311.jpg,236.jpg,Eagle_chick,1274,720,305,709,233,501
frame311.jpg,236.jpg,Eagle_chick,1274,720,390,817,329,703
frame312.jpg,237.jpg,Eagle_adult,1274,720,419,1077,11,324
frame312.jpg,237.jpg,Fish,1274,720,805,980,521,629
frame312.jpg,237.jpg,Eagle_chick,1274,720,27,370,139,676
frame312.jpg,237.jpg,Eagle_chick,1274,720,285,667,294,456
frame312.jpg,237.jpg,Eagle_chick,1274,720,389,814,344,686
frame313.jpg,238.jpg,Eagle_adult,1274,720,427,1074,9,374
frame313.jpg,238.jpg,Fish,1274,720,859,989,539,619
frame313.jpg,238.jpg,Eagle_chick,1274,720,395,872,459,691
frame313.jpg,238.jpg,Eagle_chick,1274,720,304,809,329,481
frame313.jpg,238.jpg,Eagle_chick,1274,720,9,399,121,720
frame314.jpg,239.jpg,Eagle_adult,1274,720,450,1044,13,349
frame314.jpg,239.jpg,Eagle_chick,1274,720,15,442,124,714
frame314.jpg,239.jpg,Eagle_chick,1274,720,429,907,384,719
frame315.jpg,240.jpg,Eagle_adult,1274,720,459,1044,16,494
frame315.jpg,240.jpg,Fish,1274,720,819,984,518,631
frame315.jpg,240.jpg,Eagle_chick,1274,720,12,407,131,693
frame315.jpg,240.jpg,Eagle_chick,1274,720,412,874,364,688
frame315.jpg,240.jpg,Eagle_chick,1274,720,330,737,323,506
frame316.jpg,241.jpg,Eagle_adult,1274,720,469,1079,14,484
frame316.jpg,241.jpg,Fish,1274,720,885,987,529,619
frame316.jpg,241.jpg,Eagle_chick,1274,720,15,460,148,704
frame316.jpg,241.jpg,Eagle_chick,1274,720,444,944,444,698
frame316.jpg,241.jpg,Eagle_chick,1274,720,357,825,344,491
frame317.jpg,242.jpg,Eagle_adult,1274,720,664,1040,23,293
frame317.jpg,242.jpg,Fish,1274,720,797,984,504,623
frame317.jpg,242.jpg,Eagle_chick,1274,720,47,454,156,719
frame317.jpg,242.jpg,Eagle_chick,1274,720,347,725,248,503
frame317.jpg,242.jpg,Eagle_chick,1274,720,439,917,294,708
frame318.jpg,243.jpg,Eagle_adult,1274,720,830,1062,46,614
frame318.jpg,243.jpg,Fish,1274,720,785,919,514,608
frame318.jpg,243.jpg,Eagle_chick,1274,720,417,837,273,671
frame318.jpg,243.jpg,Eagle_chick,1274,720,54,492,138,716
frame318.jpg,243.jpg,Eagle_chick,1274,720,380,684,204,493
frame319.jpg,244.jpg,Eagle_adult,1274,720,584,1040,23,629
frame319.jpg,244.jpg,Eagle_chick,1274,720,15,497,164,719
frame319.jpg,244.jpg,Eagle_chick,1274,720,374,612,223,469
frame319.jpg,244.jpg,Eagle_chick,1274,720,429,830,314,683
frame32.jpg,245.jpg,Eagle_adult,1232,720,289,947,206,632
frame32.jpg,245.jpg,Eagle_adult,1232,720,910,1223,300,587
frame32.jpg,245.jpg,Duck,1232,720,952,1105,558,656
frame320.jpg,246.jpg,Eagle_adult,1274,720,45,1075,16,541
frame320.jpg,246.jpg,Fish,1274,720,800,987,519,619
frame320.jpg,246.jpg,Eagle_chick,1274,720,437,899,356,678
frame320.jpg,246.jpg,Eagle_chick,1274,720,460,584,216,338
frame320.jpg,246.jpg,Eagle_chick,1274,720,5,472,209,716
frame321.jpg,247.jpg,Eagle_adult,1274,720,50,1042,13,523
frame321.jpg,247.jpg,Fish,1274,720,867,979,524,619
frame321.jpg,247.jpg,Eagle_chick,1274,720,12,445,176,703
frame321.jpg,247.jpg,Eagle_chick,1274,720,397,539,166,521
frame321.jpg,247.jpg,Eagle_chick,1274,720,440,917,408,678
frame322.jpg,248.jpg,Eagle_adult,1274,720,62,1022,11,476
frame322.jpg,248.jpg,Fish,1274,720,802,980,514,624
frame322.jpg,248.jpg,Eagle_chick,1274,720,434,894,338,668
frame322.jpg,248.jpg,Eagle_chick,1274,720,379,564,186,421
frame322.jpg,248.jpg,Eagle_chick,1274,720,14,424,166,713
frame323.jpg,249.jpg,Eagle_adult,1274,720,50,977,9,524
frame323.jpg,249.jpg,Eagle_chick,1274,720,417,840,311,686
frame323.jpg,249.jpg,Eagle_chick,1274,720,325,559,173,483
frame323.jpg,249.jpg,Eagle_chick,1274,720,15,389,153,696
frame324.jpg,250.jpg,Eagle_adult,1274,720,34,959,9,604
frame324.jpg,250.jpg,Fish,1274,720,774,984,524,628
frame324.jpg,250.jpg,Eagle_chick,1274,720,9,405,173,720
frame324.jpg,250.jpg,Eagle_chick,1274,720,364,559,154,454
frame324.jpg,250.jpg,Eagle_chick,1274,720,409,807,328,683
frame325.jpg,251.jpg,Eagle_adult,1274,720,35,950,13,631
frame325.jpg,251.jpg,Fish,1274,720,784,985,533,636
frame325.jpg,251.jpg,Eagle_chick,1274,720,7,409,186,694
frame325.jpg,251.jpg,Eagle_chick,1274,720,412,820,329,673
frame325.jpg,251.jpg,Eagle_chick,1274,720,354,542,168,464
frame326.jpg,252.jpg,Eagle_adult,1274,720,75,987,13,554
frame326.jpg,252.jpg,Fish,1274,720,795,1002,518,629
frame326.jpg,252.jpg,Eagle_chick,1274,720,19,412,178,661
frame326.jpg,252.jpg,Eagle_chick,1274,720,387,655,233,456
frame326.jpg,252.jpg,Eagle_chick,1274,720,440,832,331,688
frame327.jpg,253.jpg,Eagle_adult,1274,720,67,1057,16,526
frame327.jpg,253.jpg,Fish,1274,720,830,1040,528,626
frame327.jpg,253.jpg,Eagle_chick,1274,720,427,867,373,701
frame327.jpg,253.jpg,Eagle_chick,1274,720,414,690,246,458
frame327.jpg,253.jpg,Eagle_chick,1274,720,19,475,179,706
frame328.jpg,254.jpg,Eagle_adult,1274,720,127,1102,14,461
frame328.jpg,254.jpg,Fish,1274,720,855,1072,518,624
frame328.jpg,254.jpg,Eagle_chick,1274,720,9,529,186,683
frame328.jpg,254.jpg,Eagle_chick,1274,720,447,729,234,451
frame328.jpg,254.jpg,Eagle_chick,1274,720,517,884,348,694
frame329.jpg,255.jpg,Eagle_adult,1274,720,112,1065,21,529
frame329.jpg,255.jpg,Fish,1274,720,874,1067,534,629
frame329.jpg,255.jpg,Eagle_chick,1274,720,500,900,343,709
frame329.jpg,255.jpg,Eagle_chick,1274,720,435,710,268,469
frame329.jpg,255.jpg,Eagle_chick,1274,720,22,532,176,698
frame33.jpg,256.jpg,Eagle_adult,1232,720,262,1010,248,662
frame33.jpg,256.jpg,Eagle_adult,1232,720,918,1178,85,630
frame33.jpg,256.jpg,Duck,1232,720,952,1112,554,643
frame330.jpg,257.jpg,Eagle_adult,1274,720,124,1135,14,511
frame330.jpg,257.jpg,Fish,1274,720,872,1080,516,634
frame330.jpg,257.jpg,Eagle_chick,1274,720,14,515,156,668
frame330.jpg,257.jpg,Eagle_chick,1274,720,415,724,241,518
frame330.jpg,257.jpg,Eagle_chick,1274,720,500,892,338,708
frame331.jpg,258.jpg,Eagle_adult,1274,720,140,1142,3,471
frame331.jpg,258.jpg,Fish,1274,720,874,1080,511,633
frame331.jpg,258.jpg,Eagle_chick,1274,720,487,884,343,688
frame331.jpg,258.jpg,Eagle_chick,1274,720,440,717,254,464
frame331.jpg,258.jpg,Eagle_chick,1274,720,12,467,171,681
frame332.jpg,259.jpg,Eagle_adult,1274,720,95,1177,13,489
frame332.jpg,259.jpg,Fish,1274,720,895,1070,521,631
frame332.jpg,259.jpg,Eagle_chick,1274,720,17,479,151,674
frame332.jpg,259.jpg,Eagle_chick,1274,720,454,702,244,476
frame332.jpg,259.jpg,Eagle_chick,1274,720,502,939,356,688
frame333.jpg,260.jpg,Eagle_adult,1274,720,80,1222,6,489
frame333.jpg,260.jpg,Fish,1274,720,987,1054,541,628
frame333.jpg,260.jpg,Eagle_chick,1274,720,25,450,158,671
frame333.jpg,260.jpg,Eagle_chick,1274,720,429,710,228,528
frame333.jpg,260.jpg,Eagle_chick,1274,720,534,955,409,708
frame334.jpg,261.jpg,Eagle_adult,1274,720,75,1169,3,526
frame334.jpg,261.jpg,Fish,1274,720,889,1050,516,623
frame334.jpg,261.jpg,Eagle_chick,1274,720,507,949,339,709
frame334.jpg,261.jpg,Eagle_chick,1274,720,412,692,236,498
frame334.jpg,261.jpg,Eagle_chick,1274,720,39,475,149,698
frame335.jpg,262.jpg,Eagle_adult,1274,720,62,1160,24,596
frame335.jpg,262.jpg,Fish,1274,720,870,1004,504,619
frame335.jpg,262.jpg,Eagle_chick,1274,720,15,410,163,701
frame335.jpg,262.jpg,Eagle_chick,1274,720,389,652,186,503
frame335.jpg,262.jpg,Eagle_chick,1274,720,489,899,334,664
frame336.jpg,263.jpg,Eagle_adult,1274,720,74,1154,3,604
frame336.jpg,263.jpg,Fish,1274,720,884,1092,511,626
frame336.jpg,263.jpg,Eagle_chick,1274,720,480,892,329,686
frame336.jpg,263.jpg,Eagle_chick,1274,720,412,665,229,491
frame336.jpg,263.jpg,Eagle_chick,1274,720,20,459,166,646
frame337.jpg,264.jpg,Eagle_adult,1274,720,60,1142,24,614
frame337.jpg,264.jpg,Fish,1274,720,875,1025,508,593
frame337.jpg,264.jpg,Eagle_chick,1274,720,19,507,151,658
frame337.jpg,264.jpg,Eagle_chick,1274,720,440,655,209,483
frame337.jpg,264.jpg,Eagle_chick,1274,720,484,884,338,648
frame338.jpg,265.jpg,Eagle_adult,1274,720,64,1124,14,561
frame338.jpg,265.jpg,Fish,1274,720,889,1075,491,604
frame338.jpg,265.jpg,Eagle_chick,1274,720,499,885,338,678
frame338.jpg,265.jpg,Eagle_chick,1274,720,12,532,126,659
frame338.jpg,265.jpg,Eagle_chick,1274,720,455,655,196,493
frame339.jpg,266.jpg,Eagle_adult,1274,720,119,1135,11,384
frame339.jpg,266.jpg,Fish,1274,720,874,1050,499,599
frame339.jpg,266.jpg,Eagle_chick,1274,720,42,565,144,658
frame339.jpg,266.jpg,Eagle_chick,1274,720,485,692,226,484
frame339.jpg,266.jpg,Eagle_chick,1274,720,524,885,326,688
frame34.jpg,267.jpg,Eagle_adult,1232,720,399,995,274,674
frame34.jpg,267.jpg,Eagle_adult,1232,720,997,1223,203,572
frame34.jpg,267.jpg,Duck,1232,720,962,1103,562,656
frame340.jpg,268.jpg,Eagle_adult,1274,720,132,1204,9,393
frame340.jpg,268.jpg,Fish,1274,720,859,1060,498,613
frame340.jpg,268.jpg,Eagle_chick,1274,720,30,627,148,643
frame340.jpg,268.jpg,Eagle_chick,1274,720,529,885,301,673
frame341.jpg,269.jpg,Eagle_adult,1274,720,122,1207,3,384
frame341.jpg,269.jpg,Fish,1274,720,922,1062,499,606
frame341.jpg,269.jpg,Eagle_chick,1274,720,525,995,324,673
frame341.jpg,269.jpg,Eagle_chick,1274,720,40,639,196,699
frame341.jpg,269.jpg,Eagle_chick,1274,720,392,619,111,403
frame342.jpg,270.jpg,Eagle_adult,1274,720,89,1202,9,419
frame342.jpg,270.jpg,Fish,1274,720,974,1052,528,594
frame342.jpg,270.jpg,Eagle_chick,1274,720,337,507,106,268
frame342.jpg,270.jpg,Eagle_chick,1274,720,57,664,148,684
frame342.jpg,270.jpg,Eagle_chick,1274,720,594,1027,368,666
frame343.jpg,271.jpg,Eagle_adult,1274,720,67,1157,23,621
frame343.jpg,271.jpg,Fish,1274,720,895,1045,503,606
frame343.jpg,271.jpg,Eagle_chick,1274,720,579,979,343,691
frame343.jpg,271.jpg,Eagle_chick,1274,720,74,682,163,656
frame344.jpg,272.jpg,Eagle_adult,1274,720,72,1192,19,571
frame344.jpg,272.jpg,Fish,1274,720,879,1047,496,601
frame344.jpg,272.jpg,Eagle_chick,1274,720,44,650,129,669
frame344.jpg,272.jpg,Eagle_chick,1274,720,579,945,341,678
frame344.jpg,272.jpg,Eagle_chick,1274,720,540,745,269,446
frame345.jpg,273.jpg,Eagle_adult,1274,720,62,1192,6,534
frame345.jpg,273.jpg,Eagle_chick,1274,720,62,649,183,681
frame345.jpg,273.jpg,Eagle_chick,1274,720,529,739,249,496
frame345.jpg,273.jpg,Eagle_chick,1274,720,542,1070,433,626
frame346.jpg,274.jpg,Eagle_adult,1274,720,57,1165,6,533
frame346.jpg,274.jpg,Fish,1274,720,912,1052,501,599
frame346.jpg,274.jpg,Eagle_chick,1274,720,32,650,188,658
frame346.jpg,274.jpg,Eagle_chick,1274,720,544,710,236,469
frame346.jpg,274.jpg,Eagle_chick,1274,720,562,1004,329,658
frame347.jpg,275.jpg,Eagle_adult,1274,720,79,1155,4,546
frame347.jpg,275.jpg,Fish,1274,720,892,1037,499,596
frame347.jpg,275.jpg,Eagle_chick,1274,720,532,964,306,666
frame347.jpg,275.jpg,Eagle_chick,1274,720,524,715,218,431
frame347.jpg,275.jpg,Eagle_chick,1274,720,40,637,184,679
frame348.jpg,276.jpg,Eagle_adult,1274,720,67,1159,13,554
frame348.jpg,276.jpg,Fish,1274,720,897,1047,498,603
frame348.jpg,276.jpg,Eagle_chick,1274,720,34,630,159,683
frame348.jpg,276.jpg,Eagle_chick,1274,720,535,704,251,438
frame348.jpg,276.jpg,Eagle_chick,1274,720,577,937,318,641
frame349.jpg,277.jpg,Eagle_adult,1274,720,67,1102,8,438
frame349.jpg,277.jpg,Fish,1274,720,879,1062,438,609
frame349.jpg,277.jpg,Eagle_chick,1274,720,554,942,321,648
frame349.jpg,277.jpg,Eagle_chick,1274,720,549,709,256,449
frame349.jpg,277.jpg,Eagle_chick,1274,720,27,607,161,674
frame35.jpg,278.jpg,Eagle_adult,1232,720,621,1003,222,629
frame35.jpg,278.jpg,Eagle_adult,1232,720,1003,1215,201,609
frame35.jpg,278.jpg,Duck,1232,720,931,1144,550,651
frame35.jpg,278.jpg,Eagle_chick,1232,720,478,671,427,532
frame350.jpg,279.jpg,Eagle_adult,1274,720,70,1095,9,401
frame350.jpg,279.jpg,Fish,1274,720,892,1062,376,574
frame350.jpg,279.jpg,Eagle_chick,1274,720,30,622,134,664
frame350.jpg,279.jpg,Eagle_chick,1274,720,555,712,234,448
frame350.jpg,279.jpg,Eagle_chick,1274,720,555,912,323,658
frame351.jpg,280.jpg,Eagle_adult,1274,720,114,1182,6,331
frame351.jpg,280.jpg,Fish,1274,720,894,1064,489,593
frame351.jpg,280.jpg,Eagle_chick,1274,720,549,907,331,681
frame351.jpg,280.jpg,Eagle_chick,1274,720,577,689,231,448
frame351.jpg,280.jpg,Eagle_chick,1274,720,57,614,124,659
frame352.jpg,281.jpg,Eagle_adult,1274,720,142,1180,1,389
frame352.jpg,281.jpg,Fish,1274,720,937,1055,508,609
frame352.jpg,281.jpg,Eagle_chick,1274,720,85,629,119,689
frame352.jpg,281.jpg,Eagle_chick,1274,720,552,735,216,466
frame352.jpg,281.jpg,Eagle_chick,1274,720,579,997,333,676
frame353.jpg,282.jpg,Eagle_adult,1274,720,134,1237,18,429
frame353.jpg,282.jpg,Fish,1274,720,910,1052,511,593
frame353.jpg,282.jpg,Eagle_chick,1274,720,559,940,304,698
frame353.jpg,282.jpg,Eagle_chick,1274,720,547,747,218,441
frame353.jpg,282.jpg,Eagle_chick,1274,720,72,624,126,666
frame354.jpg,283.jpg,Eagle_adult,1274,720,152,1195,6,404
frame354.jpg,283.jpg,Fish,1274,720,869,1045,506,594
frame354.jpg,283.jpg,Eagle_chick,1274,720,65,612,123,708
frame354.jpg,283.jpg,Eagle_chick,1274,720,537,734,183,458
frame355.jpg,284.jpg,Eagle_adult,1274,720,90,1187,11,473
frame355.jpg,284.jpg,Fish,1274,720,870,1044,496,599
frame355.jpg,284.jpg,Eagle_chick,1274,720,572,989,259,674
frame355.jpg,284.jpg,Eagle_chick,1274,720,527,722,228,406
frame355.jpg,284.jpg,Eagle_chick,1274,720,112,629,159,713
frame356.jpg,285.jpg,Eagle_adult,1274,720,70,1182,6,591
frame356.jpg,285.jpg,Fish,1274,720,865,1017,501,594
frame356.jpg,285.jpg,Eagle_chick,1274,720,98,630,156,720
frame356.jpg,285.jpg,Eagle_chick,1274,720,564,714,241,419
frame356.jpg,285.jpg,Eagle_chick,1274,720,529,954,231,671
frame357.jpg,286.jpg,Eagle_adult,1274,720,77,1139,6,579
frame357.jpg,286.jpg,Fish,1274,720,869,1029,488,606
frame357.jpg,286.jpg,Eagle_chick,1274,720,555,902,223,686
frame357.jpg,286.jpg,Eagle_chick,1274,720,89,599,129,694
frame357.jpg,286.jpg,Eagle_chick,1274,720,517,714,264,414
frame358.jpg,287.jpg,Eagle_adult,1274,720,65,1140,16,586
frame358.jpg,287.jpg,Fish,1274,720,864,1034,509,619
frame358.jpg,287.jpg,Eagle_chick,1274,720,40,612,153,689
frame358.jpg,287.jpg,Eagle_chick,1274,720,540,725,263,446
frame358.jpg,287.jpg,Eagle_chick,1274,720,554,912,236,658
frame359.jpg,288.jpg,Eagle_adult,1274,720,55,1180,9,591
frame359.jpg,288.jpg,Fish,1274,720,859,1032,499,586
frame359.jpg,288.jpg,Eagle_chick,1274,720,67,617,148,694
frame359.jpg,288.jpg,Eagle_chick,1274,720,527,730,264,466
frame359.jpg,288.jpg,Eagle_chick,1274,720,542,914,223,704
frame36.jpg,289.jpg,Eagle_adult,1232,720,639,1008,245,595
frame36.jpg,289.jpg,Eagle_adult,1232,720,1031,1220,271,603
frame36.jpg,289.jpg,Duck,1232,720,920,1123,546,656
frame36.jpg,289.jpg,Eagle_chick,1232,720,482,637,429,514
frame360.jpg,290.jpg,Eagle_adult,1274,720,50,1120,28,548
frame360.jpg,290.jpg,Fish,1274,720,850,1065,496,609
frame360.jpg,290.jpg,Eagle_chick,1274,720,35,605,161,686
frame360.jpg,290.jpg,Eagle_chick,1274,720,529,739,281,453
frame360.jpg,290.jpg,Eagle_chick,1274,720,552,900,276,646
frame361.jpg,291.jpg,Eagle_adult,1274,720,49,1094,24,576
frame361.jpg,291.jpg,Fish,1274,720,865,1057,498,606
frame361.jpg,291.jpg,Eagle_chick,1274,720,544,900,319,648
frame361.jpg,291.jpg,Eagle_chick,1274,720,55,609,166,679
frame361.jpg,291.jpg,Eagle_chick,1274,720,540,719,271,446
frame362.jpg,292.jpg,Eagle_adult,1274,720,54,1080,14,541
frame362.jpg,292.jpg,Fish,1274,720,865,1064,499,599
frame362.jpg,292.jpg,Eagle_chick,1274,720,60,602,188,663
frame362.jpg,292.jpg,Eagle_chick,1274,720,547,739,316,451
frame362.jpg,292.jpg,Eagle_chick,1274,720,572,874,301,699
frame363.jpg,293.jpg,Eagle_adult,1274,720,44,1125,14,404
frame363.jpg,293.jpg,Fish,1274,720,865,1049,413,601
frame363.jpg,293.jpg,Eagle_chick,1274,720,50,584,144,696
frame363.jpg,293.jpg,Eagle_chick,1274,720,569,735,321,461
frame363.jpg,293.jpg,Eagle_chick,1274,720,574,885,281,669
frame364.jpg,294.jpg,Eagle_adult,1274,720,119,1134,11,389
frame364.jpg,294.jpg,Fish,1274,720,895,1045,484,589
frame364.jpg,294.jpg,Eagle_chick,1274,720,592,932,348,668
frame364.jpg,294.jpg,Eagle_chick,1274,720,574,770,284,449
frame364.jpg,294.jpg,Eagle_chick,1274,720,135,607,164,708
frame365.jpg,295.jpg,Eagle_adult,1274,720,125,1125,3,423
frame365.jpg,295.jpg,Fish,1274,720,900,1050,498,593
frame365.jpg,295.jpg,Eagle_chick,1274,720,115,635,144,703
frame365.jpg,295.jpg,Eagle_chick,1274,720,580,815,276,441
frame365.jpg,295.jpg,Eagle_chick,1274,720,574,1000,319,684
frame366.jpg,296.jpg,Eagle_adult,1274,720,135,1107,9,351
frame366.jpg,296.jpg,Fish,1274,720,887,1049,491,608
frame366.jpg,296.jpg,Eagle_chick,1274,720,535,915,209,674
frame366.jpg,296.jpg,Eagle_chick,1274,720,584,734,289,439
frame366.jpg,296.jpg,Eagle_chick,1274,720,84,629,116,709
frame367.jpg,297.jpg,Eagle_adult,1274,720,180,1117,11,373
frame367.jpg,297.jpg,Fish,1274,720,872,1050,496,589
frame367.jpg,297.jpg,Eagle_chick,1274,720,132,605,124,688
frame367.jpg,297.jpg,Eagle_chick,1274,720,560,735,278,449
frame367.jpg,297.jpg,Eagle_chick,1274,720,545,939,204,669
frame368.jpg,298.jpg,Eagle_adult,1274,720,199,1142,11,388
frame368.jpg,298.jpg,Fish,1274,720,875,1055,489,594
frame368.jpg,298.jpg,Eagle_chick,1274,720,545,960,258,674
frame368.jpg,298.jpg,Eagle_chick,1274,720,614,799,264,429
frame368.jpg,298.jpg,Eagle_chick,1274,720,115,632,128,708
frame369.jpg,299.jpg,Eagle_adult,1274,720,175,1129,3,349
frame369.jpg,299.jpg,Fish,1274,720,884,1049,498,591
frame369.jpg,299.jpg,Eagle_chick,1274,720,84,625,136,711
frame369.jpg,299.jpg,Eagle_chick,1274,720,594,804,268,444
frame369.jpg,299.jpg,Eagle_chick,1274,720,559,1015,321,669
frame37.jpg,300.jpg,Eagle_adult,1232,720,636,1045,287,609
frame37.jpg,300.jpg,Eagle_adult,1232,720,1047,1223,272,625
frame37.jpg,300.jpg,Duck,1232,720,931,1115,559,653
frame37.jpg,300.jpg,Eagle_chick,1232,720,462,607,425,532
frame370.jpg,301.jpg,Eagle_adult,1274,720,179,1149,11,519
frame370.jpg,301.jpg,Fish,1274,720,894,1075,504,601
frame370.jpg,301.jpg,Eagle_chick,1274,720,75,624,151,669
frame370.jpg,301.jpg,Eagle_chick,1274,720,605,814,289,458
frame370.jpg,301.jpg,Eagle_chick,1274,720,565,1022,366,673
frame371.jpg,302.jpg,Eagle_adult,1274,720,159,1165,11,626
frame371.jpg,302.jpg,Fish,1274,720,882,1030,506,601
frame371.jpg,302.jpg,Eagle_chick,1274,720,509,987,343,649
frame371.jpg,302.jpg,Eagle_chick,1274,720,595,800,309,436
frame371.jpg,302.jpg,Eagle_chick,1274,720,100,620,144,694
frame372.jpg,303.jpg,Eagle_adult,1274,720,197,1199,11,628
frame372.jpg,303.jpg,Fish,1274,720,877,987,506,606
frame372.jpg,303.jpg,Eagle_chick,1274,720,110,564,158,688
frame372.jpg,303.jpg,Eagle_chick,1274,720,612,785,356,439
frame372.jpg,303.jpg,Eagle_chick,1274,720,552,989,331,693
frame373.jpg,304.jpg,Eagle_adult,1274,720,204,1227,6,619
frame373.jpg,304.jpg,Fish,1274,720,874,1029,486,598
frame373.jpg,304.jpg,Eagle_chick,1274,720,490,970,306,691
frame373.jpg,304.jpg,Eagle_chick,1274,720,90,585,176,714
frame374.jpg,305.jpg,Eagle_adult,1274,720,245,1179,14,531
frame374.jpg,305.jpg,Fish,1274,720,865,1042,504,598
frame374.jpg,305.jpg,Eagle_chick,1274,720,80,554,139,676
frame374.jpg,305.jpg,Eagle_chick,1274,720,515,769,174,454
frame374.jpg,305.jpg,Eagle_chick,1274,720,560,952,291,669
frame375.jpg,306.jpg,Eagle_adult,1274,720,310,1175,14,513
frame375.jpg,306.jpg,Fish,1274,720,860,1042,496,601
frame375.jpg,306.jpg,Eagle_chick,1274,720,562,900,311,668
frame375.jpg,306.jpg,Eagle_chick,1274,720,529,730,151,418
frame375.jpg,306.jpg,Eagle_chick,1274,720,107,527,114,701
frame376.jpg,307.jpg,Eagle_adult,1274,720,365,1130,13,581
frame376.jpg,307.jpg,Fish,1274,720,854,965,534,634
frame376.jpg,307.jpg,Eagle_chick,1274,720,84,474,98,691
frame376.jpg,307.jpg,Eagle_chick,1274,720,442,692,174,446
frame376.jpg,307.jpg,Eagle_chick,1274,720,519,885,298,689
frame377.jpg,308.jpg,Eagle_adult,1274,720,507,1185,11,611
frame377.jpg,308.jpg,Fish,1274,720,854,957,529,619
frame377.jpg,308.jpg,Eagle_chick,1274,720,537,880,278,664
frame377.jpg,308.jpg,Eagle_chick,1274,720,472,680,208,449
frame377.jpg,308.jpg,Eagle_chick,1274,720,54,480,133,708
frame378.jpg,309.jpg,Eagle_adult,1274,720,574,1227,11,608
frame378.jpg,309.jpg,Fish,1274,720,854,955,524,633
frame378.jpg,309.jpg,Eagle_chick,1274,720,67,469,146,674
frame378.jpg,309.jpg,Eagle_chick,1274,720,447,687,224,473
frame378.jpg,309.jpg,Eagle_chick,1274,720,507,877,284,656
frame379.jpg,310.jpg,Eagle_adult,1274,720,569,1250,9,619
frame379.jpg,310.jpg,Fish,1274,720,854,950,539,623
frame379.jpg,310.jpg,Eagle_chick,1274,720,539,885,308,654
frame379.jpg,310.jpg,Eagle_chick,1274,720,470,689,218,484
frame379.jpg,310.jpg,Eagle_chick,1274,720,55,495,148,699
frame38.jpg,311.jpg,Eagle_adult,1232,720,653,1031,277,609
frame38.jpg,311.jpg,Eagle_adult,1232,720,1031,1218,222,614
frame38.jpg,311.jpg,Duck,1232,720,923,1087,512,656
frame38.jpg,311.jpg,Eagle_chick,1232,720,465,608,425,530
frame380.jpg,312.jpg,Eagle_adult,1274,720,635,1220,11,573
frame380.jpg,312.jpg,Fish,1274,720,870,1014,541,631
frame380.jpg,312.jpg,Eagle_chick,1274,720,37,517,153,669
frame380.jpg,312.jpg,Eagle_chick,1274,720,460,687,209,488
frame380.jpg,312.jpg,Eagle_chick,1274,720,515,895,324,689
frame381.jpg,313.jpg,Eagle_adult,1274,720,754,1242,13,566
frame381.jpg,313.jpg,Fish,1274,720,865,1024,534,663
frame381.jpg,313.jpg,Eagle_chick,1274,720,60,510,134,654
frame381.jpg,313.jpg,Eagle_chick,1274,720,462,689,188,461
frame381.jpg,313.jpg,Eagle_chick,1274,720,499,915,356,648
frame382.jpg,314.jpg,Eagle_adult,1274,720,734,1255,23,488
frame382.jpg,314.jpg,Fish,1274,720,857,1022,474,603
frame382.jpg,314.jpg,Eagle_chick,1274,720,530,895,341,676
frame382.jpg,314.jpg,Eagle_chick,1274,720,462,690,173,439
frame382.jpg,314.jpg,Eagle_chick,1274,720,29,540,129,720
frame383.jpg,315.jpg,Eagle_adult,1274,720,707,1257,13,394
frame383.jpg,315.jpg,Fish,1274,720,820,1005,386,603
frame383.jpg,315.jpg,Eagle_chick,1274,720,40,539,139,720
frame383.jpg,315.jpg,Eagle_chick,1274,720,462,722,159,404
frame383.jpg,315.jpg,Eagle_chick,1274,720,522,802,301,666
frame384.jpg,316.jpg,Eagle_adult,1274,720,685,1255,8,281
frame384.jpg,316.jpg,Fish,1274,720,834,1024,504,619
frame384.jpg,316.jpg,Eagle_chick,1274,720,37,509,134,651
frame384.jpg,316.jpg,Eagle_chick,1274,720,477,734,171,436
frame384.jpg,316.jpg,Eagle_chick,1274,720,532,837,269,664
frame385.jpg,317.jpg,Eagle_adult,1274,720,687,1235,18,611
frame385.jpg,317.jpg,Fish,1274,720,844,1027,521,614
frame385.jpg,317.jpg,Eagle_chick,1274,720,30,519,131,681
frame385.jpg,317.jpg,Eagle_chick,1274,720,460,705,201,449
frame385.jpg,317.jpg,Eagle_chick,1274,720,525,819,276,701
frame386.jpg,318.jpg,Eagle_adult,1274,720,690,1237,14,616
frame386.jpg,318.jpg,Fish,1274,720,834,1022,524,613
frame386.jpg,318.jpg,Eagle_chick,1274,720,59,670,221,666
frame386.jpg,318.jpg,Eagle_chick,1274,720,337,740,118,384
frame386.jpg,318.jpg,Eagle_chick,1274,720,579,819,293,684
frame387.jpg,319.jpg,Eagle_adult,1274,720,689,1239,18,619
frame387.jpg,319.jpg,Fish,1274,720,840,1012,528,621
frame387.jpg,319.jpg,Eagle_chick,1274,720,585,852,316,674
frame387.jpg,319.jpg,Eagle_chick,1274,720,137,677,153,671
frame387.jpg,319.jpg,Eagle_chick,1274,720,342,682,89,368
frame388.jpg,320.jpg,Eagle_adult,1274,720,660,1267,4,631
frame388.jpg,320.jpg,Fish,1274,720,847,1019,528,604
frame388.jpg,320.jpg,Eagle_chick,1274,720,42,500,146,629
frame388.jpg,320.jpg,Eagle_chick,1274,720,437,645,84,431
frame388.jpg,320.jpg,Eagle_chick,1274,720,530,852,286,653
frame389.jpg,321.jpg,Eagle_adult,1274,720,639,1224,16,631
frame389.jpg,321.jpg,Fish,1274,720,852,1040,516,629
frame389.jpg,321.jpg,Eagle_chick,1274,720,562,887,291,683
frame389.jpg,321.jpg,Eagle_chick,1274,720,37,509,139,643
frame389.jpg,321.jpg,Eagle_chick,1274,720,437,657,63,454
frame39.jpg,322.jpg,Eagle_adult,1232,720,634,1013,271,616
frame39.jpg,322.jpg,Eagle_adult,1232,720,1020,1228,253,587
frame39.jpg,322.jpg,Duck,1232,720,913,1097,529,654
frame39.jpg,322.jpg,Eagle_chick,1232,720,460,612,432,530
frame390.jpg,323.jpg,Eagle_adult,1274,720,640,1247,1,609
frame390.jpg,323.jpg,Fish,1274,720,852,1042,519,653
frame390.jpg,323.jpg,Eagle_chick,1274,720,62,509,138,631
frame390.jpg,323.jpg,Eagle_chick,1274,720,442,715,159,409
frame390.jpg,323.jpg,Eagle_chick,1274,720,545,879,309,674
frame391.jpg,324.jpg,Eagle_adult,1274,720,590,1227,3,628
frame391.jpg,324.jpg,Fish,1274,720,845,1027,523,623
frame391.jpg,324.jpg,Eagle_chick,1274,720,580,877,316,641
frame391.jpg,324.jpg,Eagle_chick,1274,720,522,719,191,374
frame391.jpg,324.jpg,Eagle_chick,1274,720,82,597,109,669
frame392.jpg,325.jpg,Eagle_adult,1274,720,550,1184,11,628
frame392.jpg,325.jpg,Fish,1274,720,837,1029,518,629
frame392.jpg,325.jpg,Eagle_chick,1274,720,52,560,128,699
frame392.jpg,325.jpg,Eagle_chick,1274,720,475,704,156,404
frame392.jpg,325.jpg,Eagle_chick,1274,720,510,844,304,648
frame393.jpg,326.jpg,Eagle_adult,1274,720,567,1200,4,616
frame393.jpg,326.jpg,Fish,1274,720,829,1030,529,638
frame393.jpg,326.jpg,Eagle_chick,1274,720,519,870,306,679
frame393.jpg,326.jpg,Eagle_chick,1274,720,477,670,129,439
frame393.jpg,326.jpg,Eagle_chick,1274,720,40,530,134,714
frame394.jpg,327.jpg,Eagle_adult,1274,720,579,1212,6,621
frame394.jpg,327.jpg,Fish,1274,720,829,1025,516,628
frame394.jpg,327.jpg,Eagle_chick,1274,720,27,539,134,689
frame394.jpg,327.jpg,Eagle_chick,1274,720,427,649,109,418
frame394.jpg,327.jpg,Eagle_chick,1274,720,534,830,299,668
frame395.jpg,328.jpg,Eagle_adult,1274,720,562,1225,9,611
frame395.jpg,328.jpg,Fish,1274,720,839,1032,523,628
frame395.jpg,328.jpg,Eagle_chick,1274,720,504,869,311,666
frame395.jpg,328.jpg,Eagle_chick,1274,720,55,544,156,656
frame395.jpg,328.jpg,Eagle_chick,1274,720,397,617,108,283
frame396.jpg,329.jpg,Eagle_adult,1274,720,559,1179,4,614
frame396.jpg,329.jpg,Fish,1274,720,919,1014,498,571
frame396.jpg,329.jpg,Eagle_chick,1274,720,542,874,316,691
frame396.jpg,329.jpg,Eagle_chick,1274,720,40,535,143,661
frame396.jpg,329.jpg,Eagle_chick,1274,720,419,592,123,436
frame397.jpg,330.jpg,Eagle_adult,1274,720,579,1229,4,611
frame397.jpg,330.jpg,Fish,1274,720,839,985,508,629
frame397.jpg,330.jpg,Eagle_chick,1274,720,554,877,323,683
frame397.jpg,330.jpg,Eagle_chick,1274,720,35,569,154,658
frame397.jpg,330.jpg,Eagle_chick,1274,720,455,650,171,461
frame398.jpg,331.jpg,Eagle_adult,1274,720,615,1220,13,621
frame398.jpg,331.jpg,Fish,1274,720,829,1000,528,638
frame398.jpg,331.jpg,Eagle_chick,1274,720,540,845,304,648
frame398.jpg,331.jpg,Eagle_chick,1274,720,44,574,158,638
frame398.jpg,331.jpg,Eagle_chick,1274,720,449,624,171,464
frame399.jpg,332.jpg,Eagle_adult,1274,720,414,1007,11,469
frame399.jpg,332.jpg,Fish,1274,720,820,937,468,658
frame399.jpg,332.jpg,Eagle_chick,1274,720,522,859,311,671
frame399.jpg,332.jpg,Eagle_chick,1274,720,30,549,151,664
frame4.jpg,333.jpg,Eagle_adult,1232,720,470,920,222,545
frame40.jpg,334.jpg,Eagle_adult,1232,720,597,986,254,603
frame40.jpg,334.jpg,Eagle_adult,1232,720,1010,1228,261,612
frame40.jpg,334.jpg,Duck,1232,720,857,1050,554,666
frame40.jpg,334.jpg,Eagle_chick,1232,720,449,597,414,540
frame400.jpg,335.jpg,Eagle_adult,1274,720,320,1005,1,453
frame400.jpg,335.jpg,Fish,1274,720,825,970,448,644
frame400.jpg,335.jpg,Eagle_chick,1274,720,57,549,143,661
frame400.jpg,335.jpg,Eagle_chick,1274,720,534,849,301,698
frame400.jpg,335.jpg,Eagle_chick,1274,720,484,647,239,468
frame401.jpg,336.jpg,Eagle_adult,1274,720,379,1037,4,423
frame401.jpg,336.jpg,Fish,1274,720,850,1017,514,636
frame401.jpg,336.jpg,Eagle_chick,1274,720,54,539,151,659
frame401.jpg,336.jpg,Eagle_chick,1274,720,480,672,193,503
frame401.jpg,336.jpg,Eagle_chick,1274,720,542,877,303,696
frame402.jpg,337.jpg,Eagle_adult,1274,720,369,1080,8,439
frame402.jpg,337.jpg,Fish,1274,720,912,1029,513,641
frame402.jpg,337.jpg,Eagle_chick,1274,720,559,940,371,689
frame402.jpg,337.jpg,Eagle_chick,1274,720,524,742,209,464
frame402.jpg,337.jpg,Eagle_chick,1274,720,45,574,126,656
frame403.jpg,338.jpg,Eagle_adult,1274,720,349,1092,6,428
frame403.jpg,338.jpg,Fish,1274,720,824,1022,521,624
frame403.jpg,338.jpg,Eagle_chick,1274,720,562,894,234,698
frame403.jpg,338.jpg,Eagle_chick,1274,720,495,677,194,423
frame403.jpg,338.jpg,Eagle_chick,1274,720,59,555,134,663
frame404.jpg,339.jpg,Eagle_adult,1274,720,302,1072,8,501
frame404.jpg,339.jpg,Fish,1274,720,834,1034,516,629
frame404.jpg,339.jpg,Eagle_chick,1274,720,572,957,274,676
frame404.jpg,339.jpg,Eagle_chick,1274,720,460,685,193,444
frame404.jpg,339.jpg,Eagle_chick,1274,720,55,557,124,634
frame405.jpg,340.jpg,Fish,1280,720,406,491,68,175
frame405.jpg,340.jpg,Eagle_chick,1280,720,591,757,389,502
frame405.jpg,340.jpg,Eagle_chick,1280,720,762,828,360,468
frame405.jpg,340.jpg,Eagle_chick,1280,720,818,911,387,485
frame406.jpg,341.jpg,Eagle_adult,1280,720,267,528,262,548
frame406.jpg,341.jpg,Eagle_adult,1280,720,628,1073,4,268
frame406.jpg,341.jpg,Rabbit,1280,720,516,662,418,477
frame406.jpg,341.jpg,Eagle_chick,1280,720,203,296,333,473
frame407.jpg,342.jpg,Eagle_adult,1280,720,458,875,219,550
frame407.jpg,342.jpg,Eagle_chick,1280,720,292,433,423,533
frame407.jpg,342.jpg,Eagle_chick,1280,720,372,508,385,497
frame408.jpg,343.jpg,Eagle_adult,1280,720,467,848,226,536
frame408.jpg,343.jpg,Eagle_chick,1280,720,303,475,419,541
frame408.jpg,343.jpg,Eagle_chick,1280,720,364,489,399,475
frame409.jpg,344.jpg,Eagle_adult,1280,720,460,874,223,528
frame409.jpg,344.jpg,Eagle_chick,1280,720,308,470,416,524
frame409.jpg,344.jpg,Eagle_chick,1280,720,386,496,385,484
frame41.jpg,345.jpg,Eagle_adult,1232,720,634,1023,259,624
frame41.jpg,345.jpg,Eagle_adult,1232,720,1026,1221,259,616
frame41.jpg,345.jpg,Duck,1232,720,897,1063,537,651
frame41.jpg,345.jpg,Eagle_chick,1232,720,466,597,414,532
frame410.jpg,346.jpg,Eagle_adult,1280,720,467,820,228,531
frame410.jpg,346.jpg,Eagle_chick,1280,720,296,474,423,550
frame410.jpg,346.jpg,Eagle_chick,1280,720,392,492,380,472
frame411.jpg,347.jpg,Eagle_adult,1280,720,462,903,218,538
frame411.jpg,347.jpg,Eagle_chick,1280,720,330,481,429,546
frame411.jpg,347.jpg,Eagle_chick,1280,720,360,470,395,458
frame412.jpg,348.jpg,Eagle_adult,1280,720,464,875,219,567
frame412.jpg,348.jpg,Eagle_chick,1280,720,333,481,419,528
frame413.jpg,349.jpg,Eagle_adult,1280,720,465,894,218,548
frame413.jpg,349.jpg,Eagle_chick,1280,720,328,475,384,531
frame414.jpg,350.jpg,Eagle_adult,1280,720,464,884,218,550
frame414.jpg,350.jpg,Eagle_chick,1280,720,350,481,394,529
frame415.jpg,351.jpg,Eagle_adult,1280,720,455,903,255,553
frame415.jpg,351.jpg,Eagle_chick,1280,720,330,489,402,536
frame416.jpg,352.jpg,Eagle_adult,1280,720,457,882,284,545
frame416.jpg,352.jpg,Eagle_chick,1280,720,326,489,406,519
frame417.jpg,353.jpg,Eagle_adult,1280,720,470,891,289,548
frame417.jpg,353.jpg,Eagle_chick,1280,720,340,460,382,521
frame418.jpg,354.jpg,Eagle_adult,1280,720,464,884,258,555
frame418.jpg,354.jpg,Eagle_chick,1280,720,331,472,379,524
frame419.jpg,355.jpg,Eagle_adult,1280,720,460,886,258,546
frame419.jpg,355.jpg,Eagle_chick,1280,720,320,475,382,533
frame42.jpg,356.jpg,Eagle_adult,1232,720,616,1026,259,616
frame42.jpg,356.jpg,Eagle_adult,1232,720,1053,1221,219,593
frame42.jpg,356.jpg,Duck,1232,720,931,1045,537,651
frame42.jpg,356.jpg,Eagle_chick,1232,720,486,607,416,524
frame420.jpg,357.jpg,Eagle_adult,1280,720,458,882,277,548
frame420.jpg,357.jpg,Rabbit,1280,720,518,594,487,533
frame420.jpg,357.jpg,Eagle_chick,1280,720,333,472,390,531
frame421.jpg,358.jpg,Eagle_adult,1280,720,482,877,279,551
frame421.jpg,358.jpg,Rabbit,1280,720,545,618,492,546
frame421.jpg,358.jpg,Eagle_chick,1280,720,323,470,362,533
frame422.jpg,359.jpg,Eagle_adult,1280,720,470,864,280,550
frame422.jpg,359.jpg,Rabbit,1280,720,521,609,490,546
frame422.jpg,359.jpg,Eagle_chick,1280,720,318,475,351,533
frame423.jpg,360.jpg,Eagle_adult,1280,720,486,882,285,540
frame423.jpg,360.jpg,Rabbit,1280,720,536,606,490,550
frame423.jpg,360.jpg,Eagle_chick,1280,720,340,492,372,526
frame424.jpg,361.jpg,Eagle_adult,1280,720,477,892,279,546
frame424.jpg,361.jpg,Rabbit,1280,720,528,616,489,546
frame424.jpg,361.jpg,Eagle_chick,1280,720,342,482,373,529
frame425.jpg,362.jpg,Eagle_adult,1280,720,484,872,292,543
frame425.jpg,362.jpg,Rabbit,1280,720,542,609,487,541
frame425.jpg,362.jpg,Eagle_chick,1280,720,335,477,373,533
frame426.jpg,363.jpg,Eagle_adult,1280,720,479,879,289,548
frame426.jpg,363.jpg,Rabbit,1280,720,547,608,484,536
frame426.jpg,363.jpg,Eagle_chick,1280,720,342,484,379,529
frame43.jpg,364.jpg,Eagle_adult,1232,720,649,1029,261,566
frame43.jpg,364.jpg,Eagle_adult,1232,720,1060,1228,232,614
frame43.jpg,364.jpg,Duck,1232,720,900,1053,548,661
frame43.jpg,364.jpg,Eagle_chick,1232,720,484,634,417,524
frame44.jpg,365.jpg,Eagle_adult,1232,720,637,1028,259,567
frame44.jpg,365.jpg,Eagle_adult,1232,720,1041,1224,238,643
frame44.jpg,365.jpg,Duck,1232,720,912,1039,551,659
frame44.jpg,365.jpg,Eagle_chick,1232,720,457,610,408,530
frame45.jpg,366.jpg,Eagle_adult,1232,720,645,1032,267,591
frame45.jpg,366.jpg,Eagle_adult,1232,720,1008,1224,241,617
frame45.jpg,366.jpg,Duck,1232,720,918,1047,564,656
frame45.jpg,366.jpg,Eagle_chick,1232,720,484,621,416,519
frame46.jpg,367.jpg,Eagle_adult,1232,720,649,1023,269,587
frame46.jpg,367.jpg,Eagle_adult,1232,720,1041,1223,219,616
frame46.jpg,367.jpg,Duck,1232,720,931,1053,559,653
frame46.jpg,367.jpg,Eagle_chick,1232,720,473,631,414,525
frame47.jpg,368.jpg,Eagle_adult,1232,720,639,1028,259,575
frame47.jpg,368.jpg,Eagle_adult,1232,720,1044,1224,221,614
frame47.jpg,368.jpg,Duck,1232,720,926,1052,554,651
frame47.jpg,368.jpg,Eagle_chick,1232,720,468,641,422,537
frame48.jpg,369.jpg,Eagle_adult,1232,720,641,1024,254,587
frame48.jpg,369.jpg,Eagle_adult,1232,720,1036,1226,222,601
frame48.jpg,369.jpg,Duck,1232,720,921,1039,546,640
frame48.jpg,369.jpg,Eagle_chick,1232,720,470,628,412,529
frame49.jpg,370.jpg,Eagle_adult,1232,720,621,1029,250,604
frame49.jpg,370.jpg,Eagle_adult,1232,720,1047,1228,206,617
frame49.jpg,370.jpg,Duck,1232,720,953,1052,545,641
frame49.jpg,370.jpg,Eagle_chick,1232,720,473,612,422,537
frame5.jpg,371.jpg,Eagle_adult,1232,720,481,931,222,553
frame50.jpg,372.jpg,Eagle_adult,1232,720,626,1023,256,600
frame50.jpg,372.jpg,Eagle_adult,1232,720,1036,1220,203,616
frame50.jpg,372.jpg,Duck,1232,720,921,1057,543,661
frame50.jpg,372.jpg,Eagle_chick,1232,720,476,628,414,529
frame51.jpg,373.jpg,Eagle_adult,1232,720,642,1052,259,619
frame51.jpg,373.jpg,Eagle_adult,1232,720,1058,1226,211,614
frame51.jpg,373.jpg,Duck,1232,720,912,1076,545,662
frame51.jpg,373.jpg,Eagle_chick,1232,720,484,631,432,546
frame52.jpg,374.jpg,Eagle_adult,1232,720,645,1042,261,579
frame52.jpg,374.jpg,Eagle_adult,1232,720,1042,1226,225,622
frame52.jpg,374.jpg,Duck,1232,720,907,1050,538,643
frame52.jpg,374.jpg,Eagle_chick,1232,720,478,631,412,532
frame53.jpg,375.jpg,Eagle_adult,1232,720,636,1039,262,567
frame53.jpg,375.jpg,Eagle_adult,1232,720,1057,1226,248,621
frame53.jpg,375.jpg,Duck,1232,720,905,1071,550,653
frame53.jpg,375.jpg,Eagle_chick,1232,720,479,618,421,530
frame54.jpg,376.jpg,Eagle_adult,1232,720,624,1034,262,588
frame54.jpg,376.jpg,Eagle_adult,1232,720,1050,1221,248,614
frame54.jpg,376.jpg,Duck,1232,720,921,1062,548,633
frame54.jpg,376.jpg,Eagle_chick,1232,720,479,618,429,527
frame55.jpg,377.jpg,Eagle_adult,1232,720,624,1036,277,561
frame55.jpg,377.jpg,Eagle_adult,1232,720,1066,1223,246,614
frame55.jpg,377.jpg,Duck,1232,720,916,1070,533,630
frame55.jpg,377.jpg,Eagle_chick,1232,720,486,613,425,529
frame56.jpg,378.jpg,Eagle_adult,1232,720,628,1049,251,588
frame56.jpg,378.jpg,Eagle_adult,1232,720,1055,1229,261,629
frame56.jpg,378.jpg,Duck,1232,720,913,1065,543,641
frame56.jpg,378.jpg,Eagle_chick,1232,720,484,616,429,533
frame57.jpg,379.jpg,Eagle_adult,1232,720,631,1044,279,583
frame57.jpg,379.jpg,Eagle_adult,1232,720,1050,1220,280,617
frame57.jpg,379.jpg,Duck,1232,720,908,1068,546,653
frame57.jpg,379.jpg,Eagle_chick,1232,720,466,620,412,529
frame58.jpg,380.jpg,Eagle_adult,1232,720,624,1045,282,579
frame58.jpg,380.jpg,Eagle_adult,1232,720,1052,1223,261,614
frame58.jpg,380.jpg,Duck,1232,720,903,1049,538,643
frame58.jpg,380.jpg,Eagle_chick,1232,720,462,623,414,540
frame59.jpg,381.jpg,Eagle_adult,1232,720,624,1029,271,593
frame59.jpg,381.jpg,Eagle_adult,1232,720,1066,1224,250,546
frame59.jpg,381.jpg,Duck,1232,720,921,1066,545,640
frame59.jpg,381.jpg,Eagle_chick,1232,720,468,621,411,538
frame6.jpg,382.jpg,Eagle_adult,1232,720,482,915,216,551
frame60.jpg,383.jpg,Eagle_adult,1232,720,637,1034,282,575
frame60.jpg,383.jpg,Eagle_adult,1232,720,1039,1223,262,537
frame60.jpg,383.jpg,Duck,1232,720,916,1049,550,650
frame60.jpg,383.jpg,Eagle_chick,1232,720,463,608,411,530
frame61.jpg,384.jpg,Eagle_adult,1232,720,637,1068,290,575
frame61.jpg,384.jpg,Eagle_adult,1232,720,1065,1224,204,509
frame61.jpg,384.jpg,Duck,1232,720,928,1052,548,643
frame61.jpg,384.jpg,Eagle_chick,1232,720,481,632,412,538
frame62.jpg,385.jpg,Eagle_adult,1232,720,620,1052,298,593
frame62.jpg,385.jpg,Eagle_adult,1232,720,1042,1226,253,522
frame62.jpg,385.jpg,Duck,1232,720,926,1042,551,648
frame62.jpg,385.jpg,Eagle_chick,1232,720,463,613,398,524
frame63.jpg,386.jpg,Eagle_adult,1232,720,631,1068,227,600
frame63.jpg,386.jpg,Duck,1232,720,936,1049,538,643
frame63.jpg,386.jpg,Eagle_chick,1232,720,468,623,411,522
frame64.jpg,387.jpg,Eagle_adult,1232,720,602,1082,266,637
frame64.jpg,387.jpg,Duck,1232,720,937,1074,553,645
frame64.jpg,387.jpg,Eagle_chick,1232,720,478,621,422,519
frame65.jpg,388.jpg,Eagle_adult,1232,720,620,1087,259,640
frame65.jpg,388.jpg,Duck,1232,720,920,1049,535,654
frame65.jpg,388.jpg,Eagle_chick,1232,720,478,636,425,521
frame66.jpg,389.jpg,Eagle_adult,1232,720,607,1082,259,603
frame66.jpg,389.jpg,Duck,1232,720,931,1065,543,637
frame66.jpg,389.jpg,Eagle_chick,1232,720,484,631,427,524
frame67.jpg,390.jpg,Eagle_adult,1232,720,599,1094,254,593
frame67.jpg,390.jpg,Duck,1232,720,939,1044,540,641
frame67.jpg,390.jpg,Eagle_chick,1232,720,476,629,425,516
frame68.jpg,391.jpg,Eagle_adult,1232,720,610,1102,271,637
frame68.jpg,391.jpg,Duck,1232,720,926,1049,543,643
frame68.jpg,391.jpg,Eagle_chick,1232,720,479,621,422,529
frame69.jpg,392.jpg,Eagle_adult,1232,720,597,1062,274,608
frame69.jpg,392.jpg,Duck,1232,720,932,1042,527,659
frame69.jpg,392.jpg,Eagle_chick,1232,720,481,620,416,519
frame7.jpg,393.jpg,Eagle_adult,1232,720,487,929,217,553
frame70.jpg,394.jpg,Eagle_adult,1232,720,599,1071,271,582
frame70.jpg,394.jpg,Duck,1232,720,928,1050,545,651
frame70.jpg,394.jpg,Eagle_chick,1232,720,463,616,424,533
frame71.jpg,395.jpg,Eagle_adult,1232,720,613,1092,277,572
frame71.jpg,395.jpg,Duck,1232,720,913,1052,540,640
frame71.jpg,395.jpg,Eagle_chick,1232,720,487,629,421,530
frame72.jpg,396.jpg,Eagle_adult,1232,720,610,1087,271,562
frame72.jpg,396.jpg,Duck,1232,720,923,1055,522,641
frame72.jpg,396.jpg,Eagle_chick,1232,720,482,636,437,530
frame73.jpg,397.jpg,Eagle_adult,1232,720,613,1057,272,558
frame73.jpg,397.jpg,Duck,1232,720,929,1052,519,640
frame73.jpg,397.jpg,Eagle_chick,1232,720,476,616,416,519
frame74.jpg,398.jpg,Eagle_adult,1232,720,594,1032,266,579
frame74.jpg,398.jpg,Duck,1232,720,936,1053,525,633
frame74.jpg,398.jpg,Eagle_chick,1232,720,465,623,429,527
frame75.jpg,399.jpg,Eagle_adult,1232,720,607,1042,254,574
frame75.jpg,399.jpg,Duck,1232,720,924,1031,516,645
frame75.jpg,399.jpg,Eagle_chick,1232,720,482,610,421,527
frame76.jpg,400.jpg,Eagle_adult,1232,720,600,1084,267,574
frame76.jpg,400.jpg,Duck,1232,720,921,1036,519,646
frame76.jpg,400.jpg,Eagle_chick,1232,720,474,597,414,511
frame77.jpg,401.jpg,Eagle_adult,1232,720,594,1074,269,567
frame77.jpg,401.jpg,Duck,1232,720,928,1037,521,648
frame77.jpg,401.jpg,Eagle_chick,1232,720,473,610,424,537
frame78.jpg,402.jpg,Eagle_adult,1232,720,587,1084,261,556
frame78.jpg,402.jpg,Duck,1232,720,931,1037,533,659
frame78.jpg,402.jpg,Eagle_chick,1232,720,463,628,424,533
frame79.jpg,403.jpg,Eagle_adult,1232,720,560,1045,259,559
frame79.jpg,403.jpg,Duck,1232,720,916,1045,525,648
frame79.jpg,403.jpg,Eagle_chick,1232,720,471,615,419,512
frame8.jpg,404.jpg,Eagle_adult,1232,720,471,929,212,561
frame80.jpg,405.jpg,Eagle_adult,1232,720,502,1024,245,546
frame80.jpg,405.jpg,Duck,1232,720,905,1026,522,641
frame80.jpg,405.jpg,Eagle_chick,1232,720,474,571,446,533
frame81.jpg,406.jpg,Eagle_adult,1232,720,510,1050,232,556
frame81.jpg,406.jpg,Duck,1232,720,902,1041,529,638
frame81.jpg,406.jpg,Eagle_chick,1232,720,476,626,432,521
frame82.jpg,407.jpg,Eagle_adult,1232,720,471,1045,212,574
frame82.jpg,407.jpg,Duck,1232,720,918,1039,529,648
frame82.jpg,407.jpg,Eagle_chick,1232,720,478,652,427,525
frame83.jpg,408.jpg,Eagle_adult,1232,720,486,1055,246,571
frame83.jpg,408.jpg,Duck,1232,720,907,1049,529,646
frame83.jpg,408.jpg,Eagle_chick,1232,720,474,671,437,543
frame84.jpg,409.jpg,Eagle_adult,1232,720,450,1044,261,550
frame84.jpg,409.jpg,Duck,1232,720,902,1031,527,654
frame84.jpg,409.jpg,Eagle_chick,1232,720,478,642,441,524
frame85.jpg,410.jpg,Eagle_adult,1232,720,460,1024,269,545
frame85.jpg,410.jpg,Duck,1232,720,912,1052,521,646
frame85.jpg,410.jpg,Eagle_chick,1232,720,478,631,474,543
frame86.jpg,411.jpg,Eagle_adult,1232,720,434,986,237,561
frame86.jpg,411.jpg,Duck,1232,720,907,1029,535,637
frame86.jpg,411.jpg,Eagle_chick,1232,720,507,594,464,522
frame87.jpg,412.jpg,Eagle_adult,1232,720,453,1024,243,559
frame87.jpg,412.jpg,Duck,1232,720,918,1026,527,617
frame88.jpg,413.jpg,Eagle_adult,1232,720,462,1016,261,538
frame88.jpg,413.jpg,Duck,1232,720,923,1029,535,637
frame89.jpg,414.jpg,Eagle_adult,1232,720,476,1016,240,548
frame89.jpg,414.jpg,Duck,1232,720,903,1037,522,656
frame89.jpg,414.jpg,Eagle_chick,1232,720,473,653,440,521
frame9.jpg,415.jpg,Eagle_adult,1232,720,484,921,214,554
frame90.jpg,416.jpg,Eagle_adult,1232,720,453,1005,240,554
frame90.jpg,416.jpg,Duck,1232,720,899,1013,530,648
frame91.jpg,417.jpg,Eagle_adult,1232,720,413,991,251,554
frame91.jpg,417.jpg,Duck,1232,720,878,1013,522,635
frame92.jpg,418.jpg,Eagle_adult,1232,720,421,1045,221,556
frame92.jpg,418.jpg,Duck,1232,720,865,999,525,643
frame93.jpg,419.jpg,Eagle_adult,1232,720,444,989,256,595
frame93.jpg,419.jpg,Duck,1232,720,865,997,537,648
frame94.jpg,420.jpg,Eagle_adult,1232,720,442,1015,246,580
frame94.jpg,420.jpg,Duck,1232,720,870,974,538,625
frame95.jpg,421.jpg,Eagle_adult,1232,720,434,1013,240,588
frame95.jpg,421.jpg,Duck,1232,720,866,952,535,598
frame96.jpg,422.jpg,Eagle_adult,1232,720,457,1044,235,593
frame96.jpg,422.jpg,Duck,1232,720,860,965,543,633
frame97.jpg,423.jpg,Eagle_adult,1232,720,466,1074,212,582
frame97.jpg,423.jpg,Duck,1232,720,862,950,545,603
frame98.jpg,424.jpg,Eagle_adult,1232,720,468,1065,224,582
frame98.jpg,424.jpg,Duck,1232,720,874,949,559,606
frame99.jpg,425.jpg,Eagle_adult,1232,720,487,1031,241,603
frame99.jpg,425.jpg,Duck,1232,720,884,978,553,638
